jugador,posicion,edad,es_sub23,minutos_actuales,goles_actuales,operacion_recomendada,probabilidad_exito,modelo_decision,score_v2_cesion,score_cesion_ajustado,score_mantener,score_mantener_raw,score_traspaso,score_traspaso_ajustado,contexto_descenso_filial,penalizacion_mantener_descenso,bonus_cesion_categoria_superior,club_modelo,entrenador_modelo,revalorizacion_esperada,clubes_ideales,entrenadores_ideales,explicaciones_tacticas,casos_similares,justificacion
R. Marina,Delantero,19,True,2339,7,CEDER,54.9,operation_success_v2,44.9,54.9,58.8,76.8,48.1,42.1,True,18.0,10.0,Málaga CF,,€805k,Málaga CF (62) | Granada CF (59) | Cádiz CF (58) | CD Leganés (52) | Real Valladolid CF (52),Fran Escribá | Pako Ayestarán | Borja Jiménez | Diego Cocca,"Málaga CF: encaje para delantero de área. El perfil necesita centros laterales, presencia de área; el club muestra proxy de centros/juego exterior 13/100, entorno de delanteros 100/100 y 10966 min Sub23 en la posición. Rasgos del jugador considerados: altura para atacar centros, producción ofensiva alta. Fuente táctica actual: proxy construido con minutos/posición Wyscout; faltan eventos de centros, regates, duelos y mapas de calor para afinar. | Granada CF: encaje para delantero de área. El perfil necesita centros laterales, presencia de área; el club muestra proxy de centros/juego exterior 37/100, entorno de delanteros 94/100 y 9496 min Sub23 en la posición. Rasgos del jugador considerados: altura para atacar centros, producción ofensiva alta. Fuente táctica actual: proxy construido con minutos/posición Wyscout; faltan eventos de centros, regates, duelos y mapas de calor para afinar. | Cádiz CF: encaje para delantero de área. El perfil necesita centros laterales, presencia de área; el club muestra proxy de centros/juego exterior 70/100, entorno de delanteros 61/100 y 5071 min Sub23 en la posición. Rasgos del jugador considerados: altura para atacar centros, producción ofensiva alta. Fuente táctica actual: proxy construido con minutos/posición Wyscout; faltan eventos de centros, regates, duelos y mapas de calor para afinar.","Peque Fernández (Racing Santander, 100) | G. Petit (Granada CF, 62) | Marc Domènech (AD Ceuta FC, 24)","R. Marina (Delantero, 19 años, 2339' esta temporada). Recomendación CEDER: probabilidad de éxito estimada 55/100. Mejor destino: Málaga CF (score v2 cesión 45, desarrollo 100, demanda 94). Lectura táctica: Málaga CF: encaje para delantero de área. El perfil necesita centros laterales, presencia de área; el club muestra proxy de centros/juego exterior 13/100, entorno de delanteros 100/100 y 10966 min Sub23 en la posición. Rasgos del jugador considerados: altura para atacar centros, producción ofensiva alta. Fuente táctica actual: proxy construido con minutos/posición Wyscout; faltan eventos de centros, regates, duelos y mapas de calor para afinar. Contexto clave: el Betis Deportivo ha descendido, por lo que mantener en el filial se penaliza (-18) y una cesión a categoría superior con destino competitivo recibe bonus (+10). Comparativa interna ajustada: cesión 55, mantener 59, venta 42. Casos similares: Peque Fernández, G. Petit, Marc Domènech. Revalorización esperada (modelo): €805k."
Borja Alonso,Extremo,22,True,2608,7,CEDER,54.9,operation_success_v2,44.9,54.9,55.7,73.7,48.3,48.3,True,18.0,10.0,Cádiz CF,Pako Ayestarán,€716k,Cádiz CF (72) | Sporting Gijón (66) | Deportivo de La Coruña (62) | FC Andorra (58) | Burgos CF (55),Pako Ayestarán | David Gallego | Óscar Gilsanz | Ferran Costa | José Alberto,"Cádiz CF: encaje para extremo abierto. El perfil necesita juego por banda, duelos exteriores; el club tiene juego exterior proxy 78/100, 39% de sus minutos Sub23 en perfiles de banda/lateral y demanda 80/100. Rasgos del jugador considerados: amenaza exterior. Fuente táctica actual: proxy construido con minutos/posición Wyscout; faltan eventos de centros, regates, duelos y mapas de calor para afinar. | Sporting Gijón: encaje para extremo abierto. El perfil necesita juego por banda, duelos exteriores; el club tiene juego exterior proxy 85/100, 44% de sus minutos Sub23 en perfiles de banda/lateral y demanda 82/100. Rasgos del jugador considerados: amenaza exterior. Fuente táctica actual: proxy construido con minutos/posición Wyscout; faltan eventos de centros, regates, duelos y mapas de calor para afinar. | Deportivo de La Coruña: encaje para extremo abierto. El perfil necesita juego por banda, duelos exteriores; el club tiene juego exterior proxy 38/100, 24% de sus minutos Sub23 en perfiles de banda/lateral y demanda 64/100. Rasgos del jugador considerados: amenaza exterior. Fuente táctica actual: proxy construido con minutos/posición Wyscout; faltan eventos de centros, regates, duelos y mapas de calor para afinar.","Jonathan Dubasin (Albacete Balompié, 100) | Javi López (Burgos CF, 100) | Ilyas Chaira (CD Mirandés, 100)","Borja Alonso (Extremo, 22 años, 2608' esta temporada). Recomendación CEDER: probabilidad de éxito estimada 55/100. Mejor destino: Cádiz CF (score v2 cesión 45, desarrollo 100, demanda 80). Lectura táctica: Cádiz CF: encaje para extremo abierto. El perfil necesita juego por banda, duelos exteriores; el club tiene juego exterior proxy 78/100, 39% de sus minutos Sub23 en perfiles de banda/lateral y demanda 80/100. Rasgos del jugador considerados: amenaza exterior. Fuente táctica actual: proxy construido con minutos/posición Wyscout; faltan eventos de centros, regates, duelos y mapas de calor para afinar. Contexto clave: el Betis Deportivo ha descendido, por lo que mantener en el filial se penaliza (-18) y una cesión a categoría superior con destino competitivo recibe bonus (+10). Comparativa interna ajustada: cesión 55, mantener 56, venta 48. Casos similares: Jonathan Dubasin, Javi López, Ilyas Chaira. Revalorización esperada (modelo): €716k."
Carlos Reina,Delantero,21,True,1653,6,CEDER,54.8,operation_success_v2,44.8,54.8,45.5,63.5,48.2,42.2,True,18.0,10.0,Málaga CF,,€680k,Málaga CF (62) | Granada CF (59) | Cádiz CF (58) | CD Leganés (52) | Real Valladolid CF (51),Fran Escribá | Pako Ayestarán | Borja Jiménez | Diego Cocca,"Málaga CF: encaje para delantero de área. El perfil necesita centros laterales, presencia de área; el club muestra proxy de centros/juego exterior 13/100, entorno de delanteros 100/100 y 10966 min Sub23 en la posición. Fuente táctica actual: proxy construido con minutos/posición Wyscout; faltan eventos de centros, regates, duelos y mapas de calor para afinar. | Granada CF: encaje para delantero de área. El perfil necesita centros laterales, presencia de área; el club muestra proxy de centros/juego exterior 37/100, entorno de delanteros 94/100 y 9496 min Sub23 en la posición. Fuente táctica actual: proxy construido con minutos/posición Wyscout; faltan eventos de centros, regates, duelos y mapas de calor para afinar. | Cádiz CF: encaje para delantero de área. El perfil necesita centros laterales, presencia de área; el club muestra proxy de centros/juego exterior 70/100, entorno de delanteros 61/100 y 5071 min Sub23 en la posición. Fuente táctica actual: proxy construido con minutos/posición Wyscout; faltan eventos de centros, regates, duelos y mapas de calor para afinar.","Raúl García (CD Mirandés, 100) | Fabri (Levante UD, 100) | Iker Losada (Racing Ferrol, 100)","Carlos Reina (Delantero, 21 años, 1653' esta temporada). Recomendación CEDER: probabilidad de éxito estimada 55/100. Mejor destino: Málaga CF (score v2 cesión 45, desarrollo 100, demanda 94). Lectura táctica: Málaga CF: encaje para delantero de área. El perfil necesita centros laterales, presencia de área; el club muestra proxy de centros/juego exterior 13/100, entorno de delanteros 100/100 y 10966 min Sub23 en la posición. Fuente táctica actual: proxy construido con minutos/posición Wyscout; faltan eventos de centros, regates, duelos y mapas de calor para afinar. Contexto clave: el Betis Deportivo ha descendido, por lo que mantener en el filial se penaliza (-18) y una cesión a categoría superior con destino competitivo recibe bonus (+10). Comparativa interna ajustada: cesión 55, mantener 46, venta 42. Casos similares: Raúl García, Fabri, Iker Losada. Revalorización esperada (modelo): €680k."
José Morante,Extremo,18,True,2248,6,CEDER,53.8,operation_success_v2,43.8,53.8,52.6,70.6,47.2,41.2,True,18.0,10.0,Cádiz CF,Pako Ayestarán,€1.1M,Cádiz CF (72) | Sporting Gijón (65) | Deportivo de La Coruña (61) | FC Andorra (58) | Burgos CF (55),Pako Ayestarán | David Gallego | Óscar Gilsanz | Ferran Costa | José Alberto,"Cádiz CF: encaje para extremo abierto. El perfil necesita juego por banda, duelos exteriores; el club tiene juego exterior proxy 78/100, 39% de sus minutos Sub23 en perfiles de banda/lateral y demanda 80/100. Rasgos del jugador considerados: amenaza exterior. Fuente táctica actual: proxy construido con minutos/posición Wyscout; faltan eventos de centros, regates, duelos y mapas de calor para afinar. | Sporting Gijón: encaje para extremo abierto. El perfil necesita juego por banda, duelos exteriores; el club tiene juego exterior proxy 85/100, 44% de sus minutos Sub23 en perfiles de banda/lateral y demanda 82/100. Rasgos del jugador considerados: amenaza exterior. Fuente táctica actual: proxy construido con minutos/posición Wyscout; faltan eventos de centros, regates, duelos y mapas de calor para afinar. | Deportivo de La Coruña: encaje para extremo abierto. El perfil necesita juego por banda, duelos exteriores; el club tiene juego exterior proxy 38/100, 24% de sus minutos Sub23 en perfiles de banda/lateral y demanda 64/100. Rasgos del jugador considerados: amenaza exterior. Fuente táctica actual: proxy construido con minutos/posición Wyscout; faltan eventos de centros, regates, duelos y mapas de calor para afinar.","Dani Fernández (CD Tenerife, 21) | I. Álvarez (Cádiz CF, 9) | Paco Cortés (Cultural Leonesa, 4)","José Morante (Extremo, 18 años, 2248' esta temporada). Recomendación CEDER: probabilidad de éxito estimada 54/100. Mejor destino: Cádiz CF (score v2 cesión 44, desarrollo 100, demanda 80). Lectura táctica: Cádiz CF: encaje para extremo abierto. El perfil necesita juego por banda, duelos exteriores; el club tiene juego exterior proxy 78/100, 39% de sus minutos Sub23 en perfiles de banda/lateral y demanda 80/100. Rasgos del jugador considerados: amenaza exterior. Fuente táctica actual: proxy construido con minutos/posición Wyscout; faltan eventos de centros, regates, duelos y mapas de calor para afinar. Contexto clave: el Betis Deportivo ha descendido, por lo que mantener en el filial se penaliza (-18) y una cesión a categoría superior con destino competitivo recibe bonus (+10). Comparativa interna ajustada: cesión 54, mantener 53, venta 41. Casos similares: Dani Fernández, I. Álvarez, Paco Cortés. Revalorización esperada (modelo): €1.1M."
Jorge Luis,Delantero,20,True,739,0,CEDER,51.4,operation_success_v2,41.4,51.4,16.0,34.0,45.4,39.4,True,18.0,10.0,Málaga CF,,€632k,Málaga CF (65) | Granada CF (60) | Cádiz CF (56) | CD Leganés (52) | CD Mirandés (51),Fran Escribá | Pako Ayestarán | Borja Jiménez | Míchel Alonso,"Málaga CF: encaje por oportunidad competitiva. Demanda 94/100 y 10966 min Sub23 en la posición. Fuente táctica actual: proxy construido con minutos/posición Wyscout; faltan eventos de centros, regates, duelos y mapas de calor para afinar. | Granada CF: encaje por oportunidad competitiva. Demanda 87/100 y 9496 min Sub23 en la posición. Fuente táctica actual: proxy construido con minutos/posición Wyscout; faltan eventos de centros, regates, duelos y mapas de calor para afinar. | Cádiz CF: encaje por oportunidad competitiva. Demanda 63/100 y 5071 min Sub23 en la posición. Fuente táctica actual: proxy construido con minutos/posición Wyscout; faltan eventos de centros, regates, duelos y mapas de calor para afinar.","Gorka Carrera (Real Sociedad B, 92) | M. Kim (FC Andorra, 79) | Joel Roca (Girona FC, 69)","Jorge Luis (Delantero, 20 años, 739' esta temporada). Recomendación CEDER: probabilidad de éxito estimada 51/100. Pocos minutos en el filial: necesita competir para desarrollarse. Mejor destino: Málaga CF (score v2 cesión 41, desarrollo 100, demanda 94). Lectura táctica: Málaga CF: encaje por oportunidad competitiva. Demanda 94/100 y 10966 min Sub23 en la posición. Fuente táctica actual: proxy construido con minutos/posición Wyscout; faltan eventos de centros, regates, duelos y mapas de calor para afinar. Contexto clave: el Betis Deportivo ha descendido, por lo que mantener en el filial se penaliza (-18) y una cesión a categoría superior con destino competitivo recibe bonus (+10). Comparativa interna ajustada: cesión 51, mantener 16, venta 39. Casos similares: Gorka Carrera, M. Kim, Joel Roca. Revalorización esperada (modelo): €632k."
Yanis Senhadji,Delantero,21,True,194,0,CEDER,51.4,operation_success_v2,41.4,51.4,5.2,23.2,45.8,39.8,True,18.0,10.0,Málaga CF,,€588k,Málaga CF (65) | Granada CF (60) | Cádiz CF (56) | CD Leganés (52) | CD Mirandés (51),Fran Escribá | Pako Ayestarán | Borja Jiménez | Míchel Alonso,"Málaga CF: encaje por oportunidad competitiva. Demanda 94/100 y 10966 min Sub23 en la posición. Rasgos del jugador considerados: amenaza exterior. Fuente táctica actual: proxy construido con minutos/posición Wyscout; faltan eventos de centros, regates, duelos y mapas de calor para afinar. | Granada CF: encaje por oportunidad competitiva. Demanda 87/100 y 9496 min Sub23 en la posición. Rasgos del jugador considerados: amenaza exterior. Fuente táctica actual: proxy construido con minutos/posición Wyscout; faltan eventos de centros, regates, duelos y mapas de calor para afinar. | Cádiz CF: encaje por oportunidad competitiva. Demanda 63/100 y 5071 min Sub23 en la posición. Rasgos del jugador considerados: amenaza exterior. Fuente táctica actual: proxy construido con minutos/posición Wyscout; faltan eventos de centros, regates, duelos y mapas de calor para afinar.","Raúl García (CD Mirandés, 100) | Fabri (Levante UD, 100) | Iker Losada (Racing Ferrol, 100)","Yanis Senhadji (Delantero, 21 años, 194' esta temporada). Recomendación CEDER: probabilidad de éxito estimada 51/100. Pocos minutos en el filial: necesita competir para desarrollarse. Mejor destino: Málaga CF (score v2 cesión 41, desarrollo 100, demanda 94). Lectura táctica: Málaga CF: encaje por oportunidad competitiva. Demanda 94/100 y 10966 min Sub23 en la posición. Rasgos del jugador considerados: amenaza exterior. Fuente táctica actual: proxy construido con minutos/posición Wyscout; faltan eventos de centros, regates, duelos y mapas de calor para afinar. Contexto clave: el Betis Deportivo ha descendido, por lo que mantener en el filial se penaliza (-18) y una cesión a categoría superior con destino competitivo recibe bonus (+10). Comparativa interna ajustada: cesión 51, mantener 5, venta 40. Casos similares: Raúl García, Fabri, Iker Losada. Revalorización esperada (modelo): €588k."
Pablo Garcia,Extremo,19,True,839,7,CEDER,51.3,operation_success_v2,41.3,51.3,38.8,56.8,45.3,39.3,True,18.0,10.0,Cádiz CF,Pako Ayestarán,€985k,Cádiz CF (71) | Sporting Gijón (63) | Deportivo de La Coruña (60) | FC Andorra (56) | CD Mirandés (53),Pako Ayestarán | David Gallego | Óscar Gilsanz | Ferran Costa | Míchel Alonso,"Cádiz CF: encaje para extremo abierto. El perfil necesita juego por banda, duelos exteriores; el club tiene juego exterior proxy 78/100, 39% de sus minutos Sub23 en perfiles de banda/lateral y demanda 80/100. Rasgos del jugador considerados: producción ofensiva alta, amenaza exterior. Fuente táctica actual: proxy construido con minutos/posición Wyscout; faltan eventos de centros, regates, duelos y mapas de calor para afinar. | Sporting Gijón: encaje para extremo abierto. El perfil necesita juego por banda, duelos exteriores; el club tiene juego exterior proxy 85/100, 44% de sus minutos Sub23 en perfiles de banda/lateral y demanda 82/100. Rasgos del jugador considerados: producción ofensiva alta, amenaza exterior. Fuente táctica actual: proxy construido con minutos/posición Wyscout; faltan eventos de centros, regates, duelos y mapas de calor para afinar. | Deportivo de La Coruña: encaje para extremo abierto. El perfil necesita juego por banda, duelos exteriores; el club tiene juego exterior proxy 38/100, 24% de sus minutos Sub23 en perfiles de banda/lateral y demanda 64/100. Rasgos del jugador considerados: producción ofensiva alta, amenaza exterior. Fuente táctica actual: proxy construido con minutos/posición Wyscout; faltan eventos de centros, regates, duelos y mapas de calor para afinar.","Giuliano Simeone (Real Zaragoza, 100) | Rubén López (Deportivo de La Coruña, 100) | Adrián Liso (Real Zaragoza, 100)","Pablo Garcia (Extremo, 19 años, 839' esta temporada). Recomendación CEDER: probabilidad de éxito estimada 51/100. Pocos minutos en el filial: necesita competir para desarrollarse. Mejor destino: Cádiz CF (score v2 cesión 41, desarrollo 100, demanda 80). Lectura táctica: Cádiz CF: encaje para extremo abierto. El perfil necesita juego por banda, duelos exteriores; el club tiene juego exterior proxy 78/100, 39% de sus minutos Sub23 en perfiles de banda/lateral y demanda 80/100. Rasgos del jugador considerados: producción ofensiva alta, amenaza exterior. Fuente táctica actual: proxy construido con minutos/posición Wyscout; faltan eventos de centros, regates, duelos y mapas de calor para afinar. Contexto clave: el Betis Deportivo ha descendido, por lo que mantener en el filial se penaliza (-18) y una cesión a categoría superior con destino competitivo recibe bonus (+10). Comparativa interna ajustada: cesión 51, mantener 39, venta 39. Casos similares: Giuliano Simeone, Rubén López, Adrián Liso. Revalorización esperada (modelo): €985k."
M. Kamara Rodriguez,Extremo,22,True,71,1,CEDER,50.7,operation_success_v2,40.7,50.7,16.9,34.9,44.8,44.8,True,18.0,10.0,Cádiz CF,Pako Ayestarán,€688k,Cádiz CF (70) | Sporting Gijón (63) | Deportivo de La Coruña (60) | FC Andorra (56) | CD Mirandés (53),Pako Ayestarán | David Gallego | Óscar Gilsanz | Ferran Costa | Míchel Alonso,"Cádiz CF: encaje para extremo abierto. El perfil necesita juego por banda, duelos exteriores; el club tiene juego exterior proxy 78/100, 39% de sus minutos Sub23 en perfiles de banda/lateral y demanda 80/100. Rasgos del jugador considerados: producción ofensiva alta, amenaza exterior. Fuente táctica actual: proxy construido con minutos/posición Wyscout; faltan eventos de centros, regates, duelos y mapas de calor para afinar. | Sporting Gijón: encaje para extremo abierto. El perfil necesita juego por banda, duelos exteriores; el club tiene juego exterior proxy 85/100, 44% de sus minutos Sub23 en perfiles de banda/lateral y demanda 82/100. Rasgos del jugador considerados: producción ofensiva alta, amenaza exterior. Fuente táctica actual: proxy construido con minutos/posición Wyscout; faltan eventos de centros, regates, duelos y mapas de calor para afinar. | Deportivo de La Coruña: encaje para extremo abierto. El perfil necesita juego por banda, duelos exteriores; el club tiene juego exterior proxy 38/100, 24% de sus minutos Sub23 en perfiles de banda/lateral y demanda 64/100. Rasgos del jugador considerados: producción ofensiva alta, amenaza exterior. Fuente táctica actual: proxy construido con minutos/posición Wyscout; faltan eventos de centros, regates, duelos y mapas de calor para afinar.","Jonathan Dubasin (Albacete Balompié, 100) | Javi López (Burgos CF, 100) | Ilyas Chaira (CD Mirandés, 100)","M. Kamara Rodriguez (Extremo, 22 años, 71' esta temporada). Recomendación CEDER: probabilidad de éxito estimada 51/100. Pocos minutos en el filial: necesita competir para desarrollarse. Mejor destino: Cádiz CF (score v2 cesión 41, desarrollo 100, demanda 80). Lectura táctica: Cádiz CF: encaje para extremo abierto. El perfil necesita juego por banda, duelos exteriores; el club tiene juego exterior proxy 78/100, 39% de sus minutos Sub23 en perfiles de banda/lateral y demanda 80/100. Rasgos del jugador considerados: producción ofensiva alta, amenaza exterior. Fuente táctica actual: proxy construido con minutos/posición Wyscout; faltan eventos de centros, regates, duelos y mapas de calor para afinar. Contexto clave: el Betis Deportivo ha descendido, por lo que mantener en el filial se penaliza (-18) y una cesión a categoría superior con destino competitivo recibe bonus (+10). Comparativa interna ajustada: cesión 51, mantener 17, venta 45. Casos similares: Jonathan Dubasin, Javi López, Ilyas Chaira. Revalorización esperada (modelo): €688k."
Manu González,Portero,19,True,3308,0,CEDER,50.3,operation_success_v2,40.3,50.3,39.4,57.4,41.6,35.6,True,18.0,10.0,FC Andorra,,€106k,FC Andorra (55) | Cádiz CF (54) | Real Valladolid CF (48) | Córdoba CF (43) | Granada CF (36),Pako Ayestarán | Paulo Pezzolano,"FC Andorra: encaje por oportunidad competitiva. Demanda 63/100 y 4106 min Sub23 en la posición. Fuente táctica actual: proxy construido con minutos/posición Wyscout; faltan eventos de centros, regates, duelos y mapas de calor para afinar. | Cádiz CF: encaje por oportunidad competitiva. Demanda 26/100 y 3571 min Sub23 en la posición. Fuente táctica actual: proxy construido con minutos/posición Wyscout; faltan eventos de centros, regates, duelos y mapas de calor para afinar. | Real Valladolid CF: encaje por oportunidad competitiva. Demanda 49/100 y 2576 min Sub23 en la posición. Fuente táctica actual: proxy construido con minutos/posición Wyscout; faltan eventos de centros, regates, duelos y mapas de calor para afinar.","Áron Yaakobishvili (FC Andorra, 51) | Dani Martín (SD Huesca, 10) | L. Gómez (Racing Santander, 3)","Manu González (Portero, 19 años, 3308' esta temporada). Recomendación CEDER: probabilidad de éxito estimada 50/100. Mejor destino: FC Andorra (score v2 cesión 40, desarrollo 100, demanda 62). Lectura táctica: FC Andorra: encaje por oportunidad competitiva. Demanda 63/100 y 4106 min Sub23 en la posición. Fuente táctica actual: proxy construido con minutos/posición Wyscout; faltan eventos de centros, regates, duelos y mapas de calor para afinar. Contexto clave: el Betis Deportivo ha descendido, por lo que mantener en el filial se penaliza (-18) y una cesión a categoría superior con destino competitivo recibe bonus (+10). Comparativa interna ajustada: cesión 50, mantener 39, venta 36. Casos similares: Áron Yaakobishvili, Dani Martín, L. Gómez. Revalorización esperada (modelo): €106k."
Antonio Toral,Extremo,22,True,468,0,CEDER,50.1,operation_success_v2,40.1,50.1,5.5,23.5,44.4,44.4,True,18.0,10.0,Cádiz CF,Pako Ayestarán,€643k,Cádiz CF (70) | Sporting Gijón (62) | Deportivo de La Coruña (59) | FC Andorra (55) | CD Mirandés (52),Pako Ayestarán | David Gallego | Óscar Gilsanz | Ferran Costa | Míchel Alonso,"Cádiz CF: encaje para extremo abierto. El perfil necesita juego por banda, duelos exteriores; el club tiene juego exterior proxy 78/100, 39% de sus minutos Sub23 en perfiles de banda/lateral y demanda 80/100. Rasgos del jugador considerados: amenaza exterior. Fuente táctica actual: proxy construido con minutos/posición Wyscout; faltan eventos de centros, regates, duelos y mapas de calor para afinar. | Sporting Gijón: encaje para extremo abierto. El perfil necesita juego por banda, duelos exteriores; el club tiene juego exterior proxy 85/100, 44% de sus minutos Sub23 en perfiles de banda/lateral y demanda 82/100. Rasgos del jugador considerados: amenaza exterior. Fuente táctica actual: proxy construido con minutos/posición Wyscout; faltan eventos de centros, regates, duelos y mapas de calor para afinar. | Deportivo de La Coruña: encaje para extremo abierto. El perfil necesita juego por banda, duelos exteriores; el club tiene juego exterior proxy 38/100, 24% de sus minutos Sub23 en perfiles de banda/lateral y demanda 64/100. Rasgos del jugador considerados: amenaza exterior. Fuente táctica actual: proxy construido con minutos/posición Wyscout; faltan eventos de centros, regates, duelos y mapas de calor para afinar.","Jonathan Dubasin (Albacete Balompié, 100) | Javi López (Burgos CF, 100) | Ilyas Chaira (CD Mirandés, 100)","Antonio Toral (Extremo, 22 años, 468' esta temporada). Recomendación CEDER: probabilidad de éxito estimada 50/100. Pocos minutos en el filial: necesita competir para desarrollarse. Mejor destino: Cádiz CF (score v2 cesión 40, desarrollo 100, demanda 80). Lectura táctica: Cádiz CF: encaje para extremo abierto. El perfil necesita juego por banda, duelos exteriores; el club tiene juego exterior proxy 78/100, 39% de sus minutos Sub23 en perfiles de banda/lateral y demanda 80/100. Rasgos del jugador considerados: amenaza exterior. Fuente táctica actual: proxy construido con minutos/posición Wyscout; faltan eventos de centros, regates, duelos y mapas de calor para afinar. Contexto clave: el Betis Deportivo ha descendido, por lo que mantener en el filial se penaliza (-18) y una cesión a categoría superior con destino competitivo recibe bonus (+10). Comparativa interna ajustada: cesión 50, mantener 6, venta 44. Casos similares: Jonathan Dubasin, Javi López, Ilyas Chaira. Revalorización esperada (modelo): €643k."
Ginés Sorroche,Centrocampista,22,True,1124,1,CEDER,49.7,operation_success_v2,39.7,49.7,23.6,41.6,42.8,42.8,True,18.0,10.0,Sporting Gijón,Rubén Albés,€148k,Sporting Gijón (70) | CD Mirandés (67) | Racing Santander (65) | UD Almería (60) | SD Eibar (57),Rubén Albés | Míchel Alonso | Íñigo Vélez | Gaizka Garitano,"Sporting Gijón: encaje interior. El club acumula 10680 min Sub23 en la zona y demanda 93/100. Fuente táctica actual: proxy construido con minutos/posición Wyscout; faltan eventos de centros, regates, duelos y mapas de calor para afinar. | CD Mirandés: encaje interior. El club acumula 13632 min Sub23 en la zona y demanda 100/100. Fuente táctica actual: proxy construido con minutos/posición Wyscout; faltan eventos de centros, regates, duelos y mapas de calor para afinar. | Racing Santander: encaje interior. El club acumula 13932 min Sub23 en la zona y demanda 92/100. Fuente táctica actual: proxy construido con minutos/posición Wyscout; faltan eventos de centros, regates, duelos y mapas de calor para afinar.","Marc Aguado (FC Andorra, 100) | Rubén Quintanilla (Burgos CF, 100) | Jon Gorrotxategi (CD Mirandés, 100)","Ginés Sorroche (Centrocampista, 22 años, 1124' esta temporada). Recomendación CEDER: probabilidad de éxito estimada 50/100. Mejor destino: Sporting Gijón (score v2 cesión 40, desarrollo 96, demanda 93). Lectura táctica: Sporting Gijón: encaje interior. El club acumula 10680 min Sub23 en la zona y demanda 93/100. Fuente táctica actual: proxy construido con minutos/posición Wyscout; faltan eventos de centros, regates, duelos y mapas de calor para afinar. Contexto clave: el Betis Deportivo ha descendido, por lo que mantener en el filial se penaliza (-18) y una cesión a categoría superior con destino competitivo recibe bonus (+10). Comparativa interna ajustada: cesión 50, mantener 24, venta 43. Casos similares: Marc Aguado, Rubén Quintanilla, Jon Gorrotxategi. Revalorización esperada (modelo): €148k."
I. Amores,Extremo,20,True,166,0,CEDER,49.5,operation_success_v2,39.5,49.5,2.4,20.4,43.5,37.5,True,18.0,10.0,Cádiz CF,Pako Ayestarán,€706k,Cádiz CF (70) | Sporting Gijón (62) | Deportivo de La Coruña (59) | FC Andorra (55) | CD Mirandés (52),Pako Ayestarán | David Gallego | Óscar Gilsanz | Ferran Costa | Míchel Alonso,"Cádiz CF: encaje para extremo abierto. El perfil necesita juego por banda, duelos exteriores; el club tiene juego exterior proxy 78/100, 39% de sus minutos Sub23 en perfiles de banda/lateral y demanda 80/100. Rasgos del jugador considerados: amenaza exterior. Fuente táctica actual: proxy construido con minutos/posición Wyscout; faltan eventos de centros, regates, duelos y mapas de calor para afinar. | Sporting Gijón: encaje para extremo abierto. El perfil necesita juego por banda, duelos exteriores; el club tiene juego exterior proxy 85/100, 44% de sus minutos Sub23 en perfiles de banda/lateral y demanda 82/100. Rasgos del jugador considerados: amenaza exterior. Fuente táctica actual: proxy construido con minutos/posición Wyscout; faltan eventos de centros, regates, duelos y mapas de calor para afinar. | Deportivo de La Coruña: encaje para extremo abierto. El perfil necesita juego por banda, duelos exteriores; el club tiene juego exterior proxy 38/100, 24% de sus minutos Sub23 en perfiles de banda/lateral y demanda 64/100. Rasgos del jugador considerados: amenaza exterior. Fuente táctica actual: proxy construido con minutos/posición Wyscout; faltan eventos de centros, regates, duelos y mapas de calor para afinar.","Bryan Zaragoza (Granada CF, 100) | Gabri Martínez (CD Mirandés, 100) | Raúl Moro (Real Valladolid CF, 100)","I. Amores (Extremo, 20 años, 166' esta temporada). Recomendación CEDER: probabilidad de éxito estimada 50/100. Pocos minutos en el filial: necesita competir para desarrollarse. Mejor destino: Cádiz CF (score v2 cesión 40, desarrollo 100, demanda 80). Lectura táctica: Cádiz CF: encaje para extremo abierto. El perfil necesita juego por banda, duelos exteriores; el club tiene juego exterior proxy 78/100, 39% de sus minutos Sub23 en perfiles de banda/lateral y demanda 80/100. Rasgos del jugador considerados: amenaza exterior. Fuente táctica actual: proxy construido con minutos/posición Wyscout; faltan eventos de centros, regates, duelos y mapas de calor para afinar. Contexto clave: el Betis Deportivo ha descendido, por lo que mantener en el filial se penaliza (-18) y una cesión a categoría superior con destino competitivo recibe bonus (+10). Comparativa interna ajustada: cesión 50, mantener 2, venta 38. Casos similares: Bryan Zaragoza, Gabri Martínez, Raúl Moro. Revalorización esperada (modelo): €706k."
Ian Forns,Lateral,22,True,2379,0,CEDER,49.5,operation_success_v2,39.5,49.5,40.0,58.0,42.5,42.5,True,18.0,10.0,Albacete Balompié,Rubén Albés,€235k,Albacete Balompié (70) | Cádiz CF (64) | Real Zaragoza (52) | CD Mirandés (52) | Sporting Gijón (51),Rubén Albés | Pako Ayestarán | Víctor Fernández | David Gallego,"Albacete Balompié: encaje exterior para lateral. Juego por fuera 75/100 y 8898 min Sub23 en laterales. Fuente táctica actual: proxy construido con minutos/posición Wyscout; faltan eventos de centros, regates, duelos y mapas de calor para afinar. | Cádiz CF: encaje exterior para lateral. Juego por fuera 78/100 y 5952 min Sub23 en laterales. Fuente táctica actual: proxy construido con minutos/posición Wyscout; faltan eventos de centros, regates, duelos y mapas de calor para afinar. | Real Zaragoza: encaje exterior para lateral. Juego por fuera 68/100 y 4384 min Sub23 en laterales. Fuente táctica actual: proxy construido con minutos/posición Wyscout; faltan eventos de centros, regates, duelos y mapas de calor para afinar.","Abel Bretones (Real Oviedo, 100) | Ignasi Vilarrasa (SD Huesca, 100) | Cristian Gutiérrez (SD Eibar, 100)","Ian Forns (Lateral, 22 años, 2379' esta temporada). Recomendación CEDER: probabilidad de éxito estimada 50/100. Mejor destino: Albacete Balompié (score v2 cesión 40, desarrollo 100, demanda 92). Lectura táctica: Albacete Balompié: encaje exterior para lateral. Juego por fuera 75/100 y 8898 min Sub23 en laterales. Fuente táctica actual: proxy construido con minutos/posición Wyscout; faltan eventos de centros, regates, duelos y mapas de calor para afinar. Contexto clave: el Betis Deportivo ha descendido, por lo que mantener en el filial se penaliza (-18) y una cesión a categoría superior con destino competitivo recibe bonus (+10). Comparativa interna ajustada: cesión 50, mantener 40, venta 42. Casos similares: Abel Bretones, Ignasi Vilarrasa, Cristian Gutiérrez. Revalorización esperada (modelo): €235k."
Jorge Oreiro,Central,20,True,2346,0,CEDER,49.3,operation_success_v2,39.3,49.3,43.3,61.3,41.9,35.9,True,18.0,10.0,CD Leganés,Borja Jiménez,€250k,CD Leganés (64) | Cádiz CF (62) | Sporting Gijón (59) | Real Valladolid CF (58) | CD Mirandés (57),Borja Jiménez | Pako Ayestarán | Rubén Albés | Diego Cocca | Míchel Alonso,"CD Leganés: encaje por oportunidad competitiva. Demanda 78/100 y 11583 min Sub23 en la posición. Fuente táctica actual: proxy construido con minutos/posición Wyscout; faltan eventos de centros, regates, duelos y mapas de calor para afinar. | Cádiz CF: encaje por oportunidad competitiva. Demanda 76/100 y 5706 min Sub23 en la posición. Fuente táctica actual: proxy construido con minutos/posición Wyscout; faltan eventos de centros, regates, duelos y mapas de calor para afinar. | Sporting Gijón: encaje por oportunidad competitiva. Demanda 93/100 y 4918 min Sub23 en la posición. Fuente táctica actual: proxy construido con minutos/posición Wyscout; faltan eventos de centros, regates, duelos y mapas de calor para afinar.","David López (Elche CF, 79) | Y. Saidu (Real Zaragoza, 56) | David Torres (Real Valladolid CF, 50)","Jorge Oreiro (Central, 20 años, 2346' esta temporada). Recomendación CEDER: probabilidad de éxito estimada 49/100. Mejor destino: CD Leganés (score v2 cesión 39, desarrollo 100, demanda 78). Lectura táctica: CD Leganés: encaje por oportunidad competitiva. Demanda 78/100 y 11583 min Sub23 en la posición. Fuente táctica actual: proxy construido con minutos/posición Wyscout; faltan eventos de centros, regates, duelos y mapas de calor para afinar. Contexto clave: el Betis Deportivo ha descendido, por lo que mantener en el filial se penaliza (-18) y una cesión a categoría superior con destino competitivo recibe bonus (+10). Comparativa interna ajustada: cesión 49, mantener 43, venta 36. Casos similares: David López, Y. Saidu, David Torres. Revalorización esperada (modelo): €250k."
Antonio González,Extremo,18,True,99,0,CEDER,49.2,operation_success_v2,39.2,49.2,0.0,17.8,43.2,37.2,True,18.0,10.0,Cádiz CF,Pako Ayestarán,€1.1M,Cádiz CF (70) | Sporting Gijón (62) | Deportivo de La Coruña (59) | FC Andorra (55) | CD Mirandés (52),Pako Ayestarán | David Gallego | Óscar Gilsanz | Ferran Costa | Míchel Alonso,"Cádiz CF: encaje para extremo abierto. El perfil necesita juego por banda, duelos exteriores; el club tiene juego exterior proxy 78/100, 39% de sus minutos Sub23 en perfiles de banda/lateral y demanda 80/100. Rasgos del jugador considerados: amenaza exterior. Fuente táctica actual: proxy construido con minutos/posición Wyscout; faltan eventos de centros, regates, duelos y mapas de calor para afinar. | Sporting Gijón: encaje para extremo abierto. El perfil necesita juego por banda, duelos exteriores; el club tiene juego exterior proxy 85/100, 44% de sus minutos Sub23 en perfiles de banda/lateral y demanda 82/100. Rasgos del jugador considerados: amenaza exterior. Fuente táctica actual: proxy construido con minutos/posición Wyscout; faltan eventos de centros, regates, duelos y mapas de calor para afinar. | Deportivo de La Coruña: encaje para extremo abierto. El perfil necesita juego por banda, duelos exteriores; el club tiene juego exterior proxy 38/100, 24% de sus minutos Sub23 en perfiles de banda/lateral y demanda 64/100. Rasgos del jugador considerados: amenaza exterior. Fuente táctica actual: proxy construido con minutos/posición Wyscout; faltan eventos de centros, regates, duelos y mapas de calor para afinar.","Dani Fernández (CD Tenerife, 21) | I. Álvarez (Cádiz CF, 9) | Paco Cortés (Cultural Leonesa, 4)","Antonio González (Extremo, 18 años, 99' esta temporada). Recomendación CEDER: probabilidad de éxito estimada 49/100. Pocos minutos en el filial: necesita competir para desarrollarse. Mejor destino: Cádiz CF (score v2 cesión 39, desarrollo 100, demanda 80). Lectura táctica: Cádiz CF: encaje para extremo abierto. El perfil necesita juego por banda, duelos exteriores; el club tiene juego exterior proxy 78/100, 39% de sus minutos Sub23 en perfiles de banda/lateral y demanda 80/100. Rasgos del jugador considerados: amenaza exterior. Fuente táctica actual: proxy construido con minutos/posición Wyscout; faltan eventos de centros, regates, duelos y mapas de calor para afinar. Contexto clave: el Betis Deportivo ha descendido, por lo que mantener en el filial se penaliza (-18) y una cesión a categoría superior con destino competitivo recibe bonus (+10). Comparativa interna ajustada: cesión 49, mantener 0, venta 37. Casos similares: Dani Fernández, I. Álvarez, Paco Cortés. Revalorización esperada (modelo): €1.1M."
R. Oya Mesa,Extremo,18,True,105,0,CEDER,49.2,operation_success_v2,39.2,49.2,1.0,19.0,43.3,37.3,True,18.0,10.0,Cádiz CF,Pako Ayestarán,€1.1M,Cádiz CF (70) | Sporting Gijón (62) | Deportivo de La Coruña (59) | FC Andorra (55) | CD Mirandés (52),Pako Ayestarán | David Gallego | Óscar Gilsanz | Ferran Costa | Míchel Alonso,"Cádiz CF: encaje para extremo abierto. El perfil necesita juego por banda, duelos exteriores; el club tiene juego exterior proxy 78/100, 39% de sus minutos Sub23 en perfiles de banda/lateral y demanda 80/100. Rasgos del jugador considerados: amenaza exterior. Fuente táctica actual: proxy construido con minutos/posición Wyscout; faltan eventos de centros, regates, duelos y mapas de calor para afinar. | Sporting Gijón: encaje para extremo abierto. El perfil necesita juego por banda, duelos exteriores; el club tiene juego exterior proxy 85/100, 44% de sus minutos Sub23 en perfiles de banda/lateral y demanda 82/100. Rasgos del jugador considerados: amenaza exterior. Fuente táctica actual: proxy construido con minutos/posición Wyscout; faltan eventos de centros, regates, duelos y mapas de calor para afinar. | Deportivo de La Coruña: encaje para extremo abierto. El perfil necesita juego por banda, duelos exteriores; el club tiene juego exterior proxy 38/100, 24% de sus minutos Sub23 en perfiles de banda/lateral y demanda 64/100. Rasgos del jugador considerados: amenaza exterior. Fuente táctica actual: proxy construido con minutos/posición Wyscout; faltan eventos de centros, regates, duelos y mapas de calor para afinar.","Dani Fernández (CD Tenerife, 21) | I. Álvarez (Cádiz CF, 9) | Paco Cortés (Cultural Leonesa, 4)","R. Oya Mesa (Extremo, 18 años, 105' esta temporada). Recomendación CEDER: probabilidad de éxito estimada 49/100. Pocos minutos en el filial: necesita competir para desarrollarse. Mejor destino: Cádiz CF (score v2 cesión 39, desarrollo 100, demanda 80). Lectura táctica: Cádiz CF: encaje para extremo abierto. El perfil necesita juego por banda, duelos exteriores; el club tiene juego exterior proxy 78/100, 39% de sus minutos Sub23 en perfiles de banda/lateral y demanda 80/100. Rasgos del jugador considerados: amenaza exterior. Fuente táctica actual: proxy construido con minutos/posición Wyscout; faltan eventos de centros, regates, duelos y mapas de calor para afinar. Contexto clave: el Betis Deportivo ha descendido, por lo que mantener en el filial se penaliza (-18) y una cesión a categoría superior con destino competitivo recibe bonus (+10). Comparativa interna ajustada: cesión 49, mantener 1, venta 37. Casos similares: Dani Fernández, I. Álvarez, Paco Cortés. Revalorización esperada (modelo): €1.1M."
D. Bladi,Lateral,21,True,2313,1,CEDER,49.2,operation_success_v2,39.2,49.2,43.7,61.7,42.1,36.1,True,18.0,10.0,Albacete Balompié,Rubén Albés,€262k,Albacete Balompié (70) | Cádiz CF (63) | Real Zaragoza (52) | CD Mirandés (52) | Sporting Gijón (51),Rubén Albés | Pako Ayestarán | Víctor Fernández | David Gallego,"Albacete Balompié: encaje exterior para lateral. Juego por fuera 75/100 y 8898 min Sub23 en laterales. Fuente táctica actual: proxy construido con minutos/posición Wyscout; faltan eventos de centros, regates, duelos y mapas de calor para afinar. | Cádiz CF: encaje exterior para lateral. Juego por fuera 78/100 y 5952 min Sub23 en laterales. Fuente táctica actual: proxy construido con minutos/posición Wyscout; faltan eventos de centros, regates, duelos y mapas de calor para afinar. | Real Zaragoza: encaje exterior para lateral. Juego por fuera 68/100 y 4384 min Sub23 en laterales. Fuente táctica actual: proxy construido con minutos/posición Wyscout; faltan eventos de centros, regates, duelos y mapas de calor para afinar.","Anderson Arroyo (CD Mirandés, 100) | Imanol García De Albéniz (CD Mirandés, 100) | Juan María Alcedo (Albacete Balompié, 100)","D. Bladi (Lateral, 21 años, 2313' esta temporada). Recomendación CEDER: probabilidad de éxito estimada 49/100. Mejor destino: Albacete Balompié (score v2 cesión 39, desarrollo 100, demanda 92). Lectura táctica: Albacete Balompié: encaje exterior para lateral. Juego por fuera 75/100 y 8898 min Sub23 en laterales. Fuente táctica actual: proxy construido con minutos/posición Wyscout; faltan eventos de centros, regates, duelos y mapas de calor para afinar. Contexto clave: el Betis Deportivo ha descendido, por lo que mantener en el filial se penaliza (-18) y una cesión a categoría superior con destino competitivo recibe bonus (+10). Comparativa interna ajustada: cesión 49, mantener 44, venta 36. Casos similares: Anderson Arroyo, Imanol García De Albéniz, Juan María Alcedo. Revalorización esperada (modelo): €262k."
Dani Pérez,Centrocampista,20,True,2090,0,CEDER,48.8,operation_success_v2,38.8,48.8,36.8,54.8,41.9,35.9,True,18.0,10.0,Sporting Gijón,Rubén Albés,€233k,Sporting Gijón (69) | CD Mirandés (67) | Racing Santander (64) | UD Almería (60) | SD Eibar (57),Rubén Albés | Míchel Alonso | Íñigo Vélez | Gaizka Garitano,"Sporting Gijón: encaje interior. El club acumula 10680 min Sub23 en la zona y demanda 93/100. Fuente táctica actual: proxy construido con minutos/posición Wyscout; faltan eventos de centros, regates, duelos y mapas de calor para afinar. | CD Mirandés: encaje interior. El club acumula 13632 min Sub23 en la zona y demanda 100/100. Fuente táctica actual: proxy construido con minutos/posición Wyscout; faltan eventos de centros, regates, duelos y mapas de calor para afinar. | Racing Santander: encaje interior. El club acumula 13932 min Sub23 en la zona y demanda 92/100. Fuente táctica actual: proxy construido con minutos/posición Wyscout; faltan eventos de centros, regates, duelos y mapas de calor para afinar.","Rafel Bauzà (CD Mirandés, 74) | Izan Merino (Málaga CF, 67) | T. Helguera (CD Mirandés, 63)","Dani Pérez (Centrocampista, 20 años, 2090' esta temporada). Recomendación CEDER: probabilidad de éxito estimada 49/100. Mejor destino: Sporting Gijón (score v2 cesión 39, desarrollo 96, demanda 93). Lectura táctica: Sporting Gijón: encaje interior. El club acumula 10680 min Sub23 en la zona y demanda 93/100. Fuente táctica actual: proxy construido con minutos/posición Wyscout; faltan eventos de centros, regates, duelos y mapas de calor para afinar. Contexto clave: el Betis Deportivo ha descendido, por lo que mantener en el filial se penaliza (-18) y una cesión a categoría superior con destino competitivo recibe bonus (+10). Comparativa interna ajustada: cesión 49, mantener 37, venta 36. Casos similares: Rafel Bauzà, Izan Merino, T. Helguera. Revalorización esperada (modelo): €233k."
Iván Corralejo,Centrocampista,19,True,1345,2,CEDER,48.3,operation_success_v2,38.3,48.3,30.8,48.8,41.8,35.8,True,18.0,10.0,Sporting Gijón,Rubén Albés,€250k,Sporting Gijón (69) | CD Mirandés (67) | Racing Santander (64) | UD Almería (60) | SD Eibar (57),Rubén Albés | Míchel Alonso | Íñigo Vélez | Gaizka Garitano,"Sporting Gijón: encaje interior. El club acumula 10680 min Sub23 en la zona y demanda 93/100. Fuente táctica actual: proxy construido con minutos/posición Wyscout; faltan eventos de centros, regates, duelos y mapas de calor para afinar. | CD Mirandés: encaje interior. El club acumula 13632 min Sub23 en la zona y demanda 100/100. Fuente táctica actual: proxy construido con minutos/posición Wyscout; faltan eventos de centros, regates, duelos y mapas de calor para afinar. | Racing Santander: encaje interior. El club acumula 13932 min Sub23 en la zona y demanda 92/100. Fuente táctica actual: proxy construido con minutos/posición Wyscout; faltan eventos de centros, regates, duelos y mapas de calor para afinar.","A. Martin Luis (CD Mirandés, 50) | Beñat Turrientes (Real Sociedad B, 46) | Manu Rodríguez (Sporting Gijón, 41)","Iván Corralejo (Centrocampista, 19 años, 1345' esta temporada). Recomendación CEDER: probabilidad de éxito estimada 48/100. Mejor destino: Sporting Gijón (score v2 cesión 38, desarrollo 96, demanda 93). Lectura táctica: Sporting Gijón: encaje interior. El club acumula 10680 min Sub23 en la zona y demanda 93/100. Fuente táctica actual: proxy construido con minutos/posición Wyscout; faltan eventos de centros, regates, duelos y mapas de calor para afinar. Contexto clave: el Betis Deportivo ha descendido, por lo que mantener en el filial se penaliza (-18) y una cesión a categoría superior con destino competitivo recibe bonus (+10). Comparativa interna ajustada: cesión 48, mantener 31, venta 36. Casos similares: A. Martin Luis, Beñat Turrientes, Manu Rodríguez. Revalorización esperada (modelo): €250k."
G. Bouare Samake,Mediocentro,21,True,2783,2,MANTENER,48.1,operation_success_v2,37.3,37.3,48.1,66.1,39.6,33.6,True,18.0,0.0,Sporting Gijón,Rubén Albés,€192k,Sporting Gijón (50) | UD Almería (45) | CD Mirandés (44) | Deportivo de La Coruña (43) | SD Eibar (43),Rubén Albés | Míchel Alonso | Óscar Gilsanz | Gaizka Garitano,"Sporting Gijón: encaje interior. El club acumula 10680 min Sub23 en la zona y demanda 0/100. Fuente táctica actual: proxy construido con minutos/posición Wyscout; faltan eventos de centros, regates, duelos y mapas de calor para afinar. | UD Almería: encaje interior. El club acumula 8681 min Sub23 en la zona y demanda 0/100. Fuente táctica actual: proxy construido con minutos/posición Wyscout; faltan eventos de centros, regates, duelos y mapas de calor para afinar. | CD Mirandés: encaje interior. El club acumula 13632 min Sub23 en la zona y demanda 0/100. Fuente táctica actual: proxy construido con minutos/posición Wyscout; faltan eventos de centros, regates, duelos y mapas de calor para afinar.","Antonio Moyano (AD Alcorcón, 100) | Anderson Arroyo (CD Mirandés, 100) | Imanol García De Albéniz (CD Mirandés, 100)","G. Bouare Samake (Mediocentro, 21 años, 2783' esta temporada). Recomendación MANTENER: rinde en el filial, score 48/100. Mejor destino: Sporting Gijón (score v2 cesión 37, desarrollo 100, demanda 0). Lectura táctica: Sporting Gijón: encaje interior. El club acumula 10680 min Sub23 en la zona y demanda 0/100. Fuente táctica actual: proxy construido con minutos/posición Wyscout; faltan eventos de centros, regates, duelos y mapas de calor para afinar. Contexto clave: el Betis Deportivo ha descendido, por lo que mantener en el filial se penaliza (-18) y una cesión a categoría superior con destino competitivo recibe bonus (+0). Comparativa interna ajustada: cesión 37, mantener 48, venta 34. Casos similares: Antonio Moyano, Anderson Arroyo, Imanol García De Albéniz. Revalorización esperada (modelo): €192k."
E. Zidane,Central,20,True,1666,0,CEDER,48.0,operation_success_v2,38.0,48.0,31.1,49.1,40.7,34.7,True,18.0,10.0,CD Leganés,Borja Jiménez,€238k,CD Leganés (64) | Cádiz CF (62) | Sporting Gijón (59) | Real Valladolid CF (58) | CD Mirandés (57),Borja Jiménez | Pako Ayestarán | Rubén Albés | Diego Cocca | Míchel Alonso,"CD Leganés: encaje por oportunidad competitiva. Demanda 78/100 y 11583 min Sub23 en la posición. Rasgos del jugador considerados: altura para atacar centros. Fuente táctica actual: proxy construido con minutos/posición Wyscout; faltan eventos de centros, regates, duelos y mapas de calor para afinar. | Cádiz CF: encaje por oportunidad competitiva. Demanda 76/100 y 5706 min Sub23 en la posición. Rasgos del jugador considerados: altura para atacar centros. Fuente táctica actual: proxy construido con minutos/posición Wyscout; faltan eventos de centros, regates, duelos y mapas de calor para afinar. | Sporting Gijón: encaje por oportunidad competitiva. Demanda 93/100 y 4918 min Sub23 en la posición. Rasgos del jugador considerados: altura para atacar centros. Fuente táctica actual: proxy construido con minutos/posición Wyscout; faltan eventos de centros, regates, duelos y mapas de calor para afinar.","David López (Elche CF, 79) | Y. Saidu (Real Zaragoza, 56) | David Torres (Real Valladolid CF, 50)","E. Zidane (Central, 20 años, 1666' esta temporada). Recomendación CEDER: probabilidad de éxito estimada 48/100. Mejor destino: CD Leganés (score v2 cesión 38, desarrollo 100, demanda 78). Lectura táctica: CD Leganés: encaje por oportunidad competitiva. Demanda 78/100 y 11583 min Sub23 en la posición. Rasgos del jugador considerados: altura para atacar centros. Fuente táctica actual: proxy construido con minutos/posición Wyscout; faltan eventos de centros, regates, duelos y mapas de calor para afinar. Contexto clave: el Betis Deportivo ha descendido, por lo que mantener en el filial se penaliza (-18) y una cesión a categoría superior con destino competitivo recibe bonus (+10). Comparativa interna ajustada: cesión 48, mantener 31, venta 35. Casos similares: David López, Y. Saidu, David Torres. Revalorización esperada (modelo): €238k."
German García,Portero,22,True,525,0,CEDER,47.9,operation_success_v2,37.9,47.9,1.3,19.3,39.2,39.2,True,18.0,10.0,FC Andorra,,€10k,FC Andorra (54) | Cádiz CF (53) | Real Valladolid CF (46) | Córdoba CF (42) | Granada CF (34),Pako Ayestarán | Paulo Pezzolano,"FC Andorra: encaje por oportunidad competitiva. Demanda 63/100 y 4106 min Sub23 en la posición. Fuente táctica actual: proxy construido con minutos/posición Wyscout; faltan eventos de centros, regates, duelos y mapas de calor para afinar. | Cádiz CF: encaje por oportunidad competitiva. Demanda 26/100 y 3571 min Sub23 en la posición. Fuente táctica actual: proxy construido con minutos/posición Wyscout; faltan eventos de centros, regates, duelos y mapas de calor para afinar. | Real Valladolid CF: encaje por oportunidad competitiva. Demanda 49/100 y 2576 min Sub23 en la posición. Fuente táctica actual: proxy construido con minutos/posición Wyscout; faltan eventos de centros, regates, duelos y mapas de calor para afinar.","Leo Román (Real Oviedo, 100) | Victor Aznar (Cádiz CF, 67) | Ramón Vila (Córdoba CF, 52)","German García (Portero, 22 años, 525' esta temporada). Recomendación CEDER: probabilidad de éxito estimada 48/100. Pocos minutos en el filial: necesita competir para desarrollarse. Mejor destino: FC Andorra (score v2 cesión 38, desarrollo 100, demanda 62). Lectura táctica: FC Andorra: encaje por oportunidad competitiva. Demanda 63/100 y 4106 min Sub23 en la posición. Fuente táctica actual: proxy construido con minutos/posición Wyscout; faltan eventos de centros, regates, duelos y mapas de calor para afinar. Contexto clave: el Betis Deportivo ha descendido, por lo que mantener en el filial se penaliza (-18) y una cesión a categoría superior con destino competitivo recibe bonus (+10). Comparativa interna ajustada: cesión 48, mantener 1, venta 39. Casos similares: Leo Román, Victor Aznar, Ramón Vila. Revalorización esperada (modelo): €10k."
V. Răfăilă,Portero,21,True,106,0,CEDER,47.8,operation_success_v2,37.8,47.8,0.0,13.8,39.0,33.0,True,18.0,10.0,FC Andorra,,€16k,FC Andorra (54) | Cádiz CF (53) | Real Valladolid CF (46) | Córdoba CF (42) | Granada CF (34),Pako Ayestarán | Paulo Pezzolano,"FC Andorra: encaje por oportunidad competitiva. Demanda 63/100 y 4106 min Sub23 en la posición. Rasgos del jugador considerados: altura para atacar centros. Fuente táctica actual: proxy construido con minutos/posición Wyscout; faltan eventos de centros, regates, duelos y mapas de calor para afinar. | Cádiz CF: encaje por oportunidad competitiva. Demanda 26/100 y 3571 min Sub23 en la posición. Rasgos del jugador considerados: altura para atacar centros. Fuente táctica actual: proxy construido con minutos/posición Wyscout; faltan eventos de centros, regates, duelos y mapas de calor para afinar. | Real Valladolid CF: encaje por oportunidad competitiva. Demanda 49/100 y 2576 min Sub23 en la posición. Rasgos del jugador considerados: altura para atacar centros. Fuente táctica actual: proxy construido con minutos/posición Wyscout; faltan eventos de centros, regates, duelos y mapas de calor para afinar.","Pablo Campos (Levante UD, 100) | Ramón Juan (CD Mirandés, 79) | Antal Yaakobishvili (FC Andorra, 51)","V. Răfăilă (Portero, 21 años, 106' esta temporada). Recomendación CEDER: probabilidad de éxito estimada 48/100. Pocos minutos en el filial: necesita competir para desarrollarse. Mejor destino: FC Andorra (score v2 cesión 38, desarrollo 100, demanda 62). Lectura táctica: FC Andorra: encaje por oportunidad competitiva. Demanda 63/100 y 4106 min Sub23 en la posición. Rasgos del jugador considerados: altura para atacar centros. Fuente táctica actual: proxy construido con minutos/posición Wyscout; faltan eventos de centros, regates, duelos y mapas de calor para afinar. Contexto clave: el Betis Deportivo ha descendido, por lo que mantener en el filial se penaliza (-18) y una cesión a categoría superior con destino competitivo recibe bonus (+10). Comparativa interna ajustada: cesión 48, mantener 0, venta 33. Casos similares: Pablo Campos, Ramón Juan, Antal Yaakobishvili. Revalorización esperada (modelo): €16k."
D. Traoré,Mediapunta,19,True,108,0,CEDER,46.8,operation_success_v2,36.8,46.8,0.0,18.0,40.0,34.0,True,18.0,10.0,Cádiz CF,Pako Ayestarán,€117k,Cádiz CF (59) | Racing Santander (58) | Sporting Gijón (57) | CD Mirandés (57) | SD Eibar (56),Pako Ayestarán | Íñigo Vélez | Rubén Albés | Míchel Alonso | Gaizka Garitano,"Cádiz CF: encaje por oportunidad competitiva. Demanda 80/100 y 6199 min Sub23 en la posición. Rasgos del jugador considerados: altura para atacar centros. Fuente táctica actual: proxy construido con minutos/posición Wyscout; faltan eventos de centros, regates, duelos y mapas de calor para afinar. | Racing Santander: encaje por oportunidad competitiva. Demanda 74/100 y 13932 min Sub23 en la posición. Rasgos del jugador considerados: altura para atacar centros. Fuente táctica actual: proxy construido con minutos/posición Wyscout; faltan eventos de centros, regates, duelos y mapas de calor para afinar. | Sporting Gijón: encaje por oportunidad competitiva. Demanda 50/100 y 10680 min Sub23 en la posición. Rasgos del jugador considerados: altura para atacar centros. Fuente táctica actual: proxy construido con minutos/posición Wyscout; faltan eventos de centros, regates, duelos y mapas de calor para afinar.","Mateusz Bogusz (UD Ibiza, 58) | Gorka Gorosabel (Real Sociedad B, 54) | Aingeru Olabarrieta (FC Andorra, 39)","D. Traoré (Mediapunta, 19 años, 108' esta temporada). Recomendación CEDER: probabilidad de éxito estimada 47/100. Pocos minutos en el filial: necesita competir para desarrollarse. Mejor destino: Cádiz CF (score v2 cesión 37, desarrollo 52, demanda 80). Lectura táctica: Cádiz CF: encaje por oportunidad competitiva. Demanda 80/100 y 6199 min Sub23 en la posición. Rasgos del jugador considerados: altura para atacar centros. Fuente táctica actual: proxy construido con minutos/posición Wyscout; faltan eventos de centros, regates, duelos y mapas de calor para afinar. Contexto clave: el Betis Deportivo ha descendido, por lo que mantener en el filial se penaliza (-18) y una cesión a categoría superior con destino competitivo recibe bonus (+10). Comparativa interna ajustada: cesión 47, mantener 0, venta 34. Casos similares: Mateusz Bogusz, Gorka Gorosabel, Aingeru Olabarrieta. Revalorización esperada (modelo): €117k."
Òscar Masqué,Lateral,19,True,1361,1,CEDER,46.5,operation_success_v2,36.5,46.5,26.3,44.3,39.9,33.9,True,18.0,10.0,Albacete Balompié,Rubén Albés,€321k,Albacete Balompié (68) | Cádiz CF (63) | CD Mirandés (51) | Real Zaragoza (51) | Sporting Gijón (49),Rubén Albés | Pako Ayestarán | Víctor Fernández | David Gallego,"Albacete Balompié: encaje exterior para lateral. Juego por fuera 75/100 y 8898 min Sub23 en laterales. Fuente táctica actual: proxy construido con minutos/posición Wyscout; faltan eventos de centros, regates, duelos y mapas de calor para afinar. | Cádiz CF: encaje exterior para lateral. Juego por fuera 78/100 y 5952 min Sub23 en laterales. Fuente táctica actual: proxy construido con minutos/posición Wyscout; faltan eventos de centros, regates, duelos y mapas de calor para afinar. | CD Mirandés: encaje exterior para lateral. Juego por fuera 52/100 y 5648 min Sub23 en laterales. Fuente táctica actual: proxy construido con minutos/posición Wyscout; faltan eventos de centros, regates, duelos y mapas de calor para afinar.","Álex Valle (Levante UD, 100) | Jonathan Gómez (CD Mirandés, 96) | J. Salinas (Racing Santander, 69)","Òscar Masqué (Lateral, 19 años, 1361' esta temporada). Recomendación CEDER: probabilidad de éxito estimada 46/100. Mejor destino: Albacete Balompié (score v2 cesión 36, desarrollo 100, demanda 92). Lectura táctica: Albacete Balompié: encaje exterior para lateral. Juego por fuera 75/100 y 8898 min Sub23 en laterales. Fuente táctica actual: proxy construido con minutos/posición Wyscout; faltan eventos de centros, regates, duelos y mapas de calor para afinar. Contexto clave: el Betis Deportivo ha descendido, por lo que mantener en el filial se penaliza (-18) y una cesión a categoría superior con destino competitivo recibe bonus (+10). Comparativa interna ajustada: cesión 46, mantener 26, venta 34. Casos similares: Álex Valle, Jonathan Gómez, J. Salinas. Revalorización esperada (modelo): €321k."
Emmanuel,Central,19,True,951,1,CEDER,46.0,operation_success_v2,36.0,46.0,20.4,38.4,39.0,33.0,True,18.0,10.0,CD Leganés,Borja Jiménez,€322k,CD Leganés (63) | Cádiz CF (61) | Sporting Gijón (58) | Real Valladolid CF (57) | CD Mirandés (56),Borja Jiménez | Pako Ayestarán | Rubén Albés | Diego Cocca | Míchel Alonso,"CD Leganés: encaje por oportunidad competitiva. Demanda 78/100 y 11583 min Sub23 en la posición. Fuente táctica actual: proxy construido con minutos/posición Wyscout; faltan eventos de centros, regates, duelos y mapas de calor para afinar. | Cádiz CF: encaje por oportunidad competitiva. Demanda 76/100 y 5706 min Sub23 en la posición. Fuente táctica actual: proxy construido con minutos/posición Wyscout; faltan eventos de centros, regates, duelos y mapas de calor para afinar. | Sporting Gijón: encaje por oportunidad competitiva. Demanda 93/100 y 4918 min Sub23 en la posición. Fuente táctica actual: proxy construido con minutos/posición Wyscout; faltan eventos de centros, regates, duelos y mapas de calor para afinar.","Marc Pubill (Levante UD, 50) | Mamadou Mbacke (Villarreal CF B, 46) | Iker Córdoba (CD Mirandés, 38)","Emmanuel (Central, 19 años, 951' esta temporada). Recomendación CEDER: probabilidad de éxito estimada 46/100. Mejor destino: CD Leganés (score v2 cesión 36, desarrollo 100, demanda 78). Lectura táctica: CD Leganés: encaje por oportunidad competitiva. Demanda 78/100 y 11583 min Sub23 en la posición. Fuente táctica actual: proxy construido con minutos/posición Wyscout; faltan eventos de centros, regates, duelos y mapas de calor para afinar. Contexto clave: el Betis Deportivo ha descendido, por lo que mantener en el filial se penaliza (-18) y una cesión a categoría superior con destino competitivo recibe bonus (+10). Comparativa interna ajustada: cesión 46, mantener 20, venta 33. Casos similares: Marc Pubill, Mamadou Mbacke, Iker Córdoba. Revalorización esperada (modelo): €322k."
M. Hamdoune,Central,21,True,1079,0,CEDER,46.0,operation_success_v2,36.0,46.0,11.0,29.0,39.0,33.0,True,18.0,10.0,CD Leganés,Borja Jiménez,€226k,CD Leganés (63) | Cádiz CF (61) | Sporting Gijón (58) | Real Valladolid CF (57) | CD Mirandés (57),Borja Jiménez | Pako Ayestarán | Rubén Albés | Diego Cocca | Míchel Alonso,"CD Leganés: encaje por oportunidad competitiva. Demanda 78/100 y 11583 min Sub23 en la posición. Fuente táctica actual: proxy construido con minutos/posición Wyscout; faltan eventos de centros, regates, duelos y mapas de calor para afinar. | Cádiz CF: encaje por oportunidad competitiva. Demanda 76/100 y 5706 min Sub23 en la posición. Fuente táctica actual: proxy construido con minutos/posición Wyscout; faltan eventos de centros, regates, duelos y mapas de calor para afinar. | Sporting Gijón: encaje por oportunidad competitiva. Demanda 93/100 y 4918 min Sub23 en la posición. Fuente táctica actual: proxy construido con minutos/posición Wyscout; faltan eventos de centros, regates, duelos y mapas de calor para afinar.","José Copete (SD Ponferradina, 100) | Loïc Williams (CD Tenerife, 100) | David López (Burgos CF, 100)","M. Hamdoune (Central, 21 años, 1079' esta temporada). Recomendación CEDER: probabilidad de éxito estimada 46/100. Mejor destino: CD Leganés (score v2 cesión 36, desarrollo 100, demanda 78). Lectura táctica: CD Leganés: encaje por oportunidad competitiva. Demanda 78/100 y 11583 min Sub23 en la posición. Fuente táctica actual: proxy construido con minutos/posición Wyscout; faltan eventos de centros, regates, duelos y mapas de calor para afinar. Contexto clave: el Betis Deportivo ha descendido, por lo que mantener en el filial se penaliza (-18) y una cesión a categoría superior con destino competitivo recibe bonus (+10). Comparativa interna ajustada: cesión 46, mantener 11, venta 33. Casos similares: José Copete, Loïc Williams, David López. Revalorización esperada (modelo): €226k."
F. Embalo Muñoz,Central,20,True,824,0,CEDER,45.9,operation_success_v2,35.9,45.9,14.8,32.8,38.9,32.9,True,18.0,10.0,CD Leganés,Borja Jiménez,€236k,CD Leganés (63) | Cádiz CF (61) | Sporting Gijón (58) | Real Valladolid CF (57) | CD Mirandés (56),Borja Jiménez | Pako Ayestarán | Rubén Albés | Diego Cocca | Míchel Alonso,"CD Leganés: encaje por oportunidad competitiva. Demanda 78/100 y 11583 min Sub23 en la posición. Fuente táctica actual: proxy construido con minutos/posición Wyscout; faltan eventos de centros, regates, duelos y mapas de calor para afinar. | Cádiz CF: encaje por oportunidad competitiva. Demanda 76/100 y 5706 min Sub23 en la posición. Fuente táctica actual: proxy construido con minutos/posición Wyscout; faltan eventos de centros, regates, duelos y mapas de calor para afinar. | Sporting Gijón: encaje por oportunidad competitiva. Demanda 93/100 y 4918 min Sub23 en la posición. Fuente táctica actual: proxy construido con minutos/posición Wyscout; faltan eventos de centros, regates, duelos y mapas de calor para afinar.","David López (Elche CF, 79) | Y. Saidu (Real Zaragoza, 56) | David Torres (Real Valladolid CF, 50)","F. Embalo Muñoz (Central, 20 años, 824' esta temporada). Recomendación CEDER: probabilidad de éxito estimada 46/100. Pocos minutos en el filial: necesita competir para desarrollarse. Mejor destino: CD Leganés (score v2 cesión 36, desarrollo 100, demanda 78). Lectura táctica: CD Leganés: encaje por oportunidad competitiva. Demanda 78/100 y 11583 min Sub23 en la posición. Fuente táctica actual: proxy construido con minutos/posición Wyscout; faltan eventos de centros, regates, duelos y mapas de calor para afinar. Contexto clave: el Betis Deportivo ha descendido, por lo que mantener en el filial se penaliza (-18) y una cesión a categoría superior con destino competitivo recibe bonus (+10). Comparativa interna ajustada: cesión 46, mantener 15, venta 33. Casos similares: David López, Y. Saidu, David Torres. Revalorización esperada (modelo): €236k."
Pablo Busto,Lateral,20,True,896,0,CEDER,45.7,operation_success_v2,35.7,45.7,12.4,30.4,39.3,33.3,True,18.0,10.0,Albacete Balompié,Rubén Albés,€244k,Albacete Balompié (68) | Cádiz CF (62) | CD Mirandés (50) | Real Zaragoza (50) | Sporting Gijón (49),Rubén Albés | Pako Ayestarán | Víctor Fernández | David Gallego,"Albacete Balompié: encaje exterior para lateral. Juego por fuera 75/100 y 8898 min Sub23 en laterales. Fuente táctica actual: proxy construido con minutos/posición Wyscout; faltan eventos de centros, regates, duelos y mapas de calor para afinar. | Cádiz CF: encaje exterior para lateral. Juego por fuera 78/100 y 5952 min Sub23 en laterales. Fuente táctica actual: proxy construido con minutos/posición Wyscout; faltan eventos de centros, regates, duelos y mapas de calor para afinar. | CD Mirandés: encaje exterior para lateral. Juego por fuera 52/100 y 5648 min Sub23 en laterales. Fuente táctica actual: proxy construido con minutos/posición Wyscout; faltan eventos de centros, regates, duelos y mapas de calor para afinar.","Marcos Luna (Real Zaragoza, 100) | Oscar Naasei (Granada CF, 69) | Roger Hinojo (Cultural Leonesa, 68)","Pablo Busto (Lateral, 20 años, 896' esta temporada). Recomendación CEDER: probabilidad de éxito estimada 46/100. Pocos minutos en el filial: necesita competir para desarrollarse. Mejor destino: Albacete Balompié (score v2 cesión 36, desarrollo 100, demanda 92). Lectura táctica: Albacete Balompié: encaje exterior para lateral. Juego por fuera 75/100 y 8898 min Sub23 en laterales. Fuente táctica actual: proxy construido con minutos/posición Wyscout; faltan eventos de centros, regates, duelos y mapas de calor para afinar. Contexto clave: el Betis Deportivo ha descendido, por lo que mantener en el filial se penaliza (-18) y una cesión a categoría superior con destino competitivo recibe bonus (+10). Comparativa interna ajustada: cesión 46, mantener 12, venta 33. Casos similares: Marcos Luna, Oscar Naasei, Roger Hinojo. Revalorización esperada (modelo): €244k."
Adrian Martin,Centrocampista,19,True,52,0,CEDER,45.5,operation_success_v2,35.5,45.5,2.2,20.2,39.3,33.3,True,18.0,10.0,Sporting Gijón,Rubén Albés,€240k,Sporting Gijón (68) | CD Mirandés (66) | Racing Santander (63) | UD Almería (59) | SD Eibar (55),Rubén Albés | Míchel Alonso | Íñigo Vélez | Gaizka Garitano,"Sporting Gijón: encaje interior. El club acumula 10680 min Sub23 en la zona y demanda 93/100. Fuente táctica actual: proxy construido con minutos/posición Wyscout; faltan eventos de centros, regates, duelos y mapas de calor para afinar. | CD Mirandés: encaje interior. El club acumula 13632 min Sub23 en la zona y demanda 100/100. Fuente táctica actual: proxy construido con minutos/posición Wyscout; faltan eventos de centros, regates, duelos y mapas de calor para afinar. | Racing Santander: encaje interior. El club acumula 13932 min Sub23 en la zona y demanda 92/100. Fuente táctica actual: proxy construido con minutos/posición Wyscout; faltan eventos de centros, regates, duelos y mapas de calor para afinar.","A. Martin Luis (CD Mirandés, 50) | Beñat Turrientes (Real Sociedad B, 46) | Manu Rodríguez (Sporting Gijón, 41)","Adrian Martin (Centrocampista, 19 años, 52' esta temporada). Recomendación CEDER: probabilidad de éxito estimada 46/100. Pocos minutos en el filial: necesita competir para desarrollarse. Mejor destino: Sporting Gijón (score v2 cesión 36, desarrollo 96, demanda 93). Lectura táctica: Sporting Gijón: encaje interior. El club acumula 10680 min Sub23 en la zona y demanda 93/100. Fuente táctica actual: proxy construido con minutos/posición Wyscout; faltan eventos de centros, regates, duelos y mapas de calor para afinar. Contexto clave: el Betis Deportivo ha descendido, por lo que mantener en el filial se penaliza (-18) y una cesión a categoría superior con destino competitivo recibe bonus (+10). Comparativa interna ajustada: cesión 46, mantener 2, venta 33. Casos similares: A. Martin Luis, Beñat Turrientes, Manu Rodríguez. Revalorización esperada (modelo): €240k."
R. Gomez,Centrocampista,19,True,159,0,CEDER,45.5,operation_success_v2,35.5,45.5,0.3,18.3,39.3,33.3,True,18.0,10.0,Sporting Gijón,Rubén Albés,€185k,Sporting Gijón (68) | CD Mirandés (66) | Racing Santander (63) | UD Almería (59) | SD Eibar (55),Rubén Albés | Míchel Alonso | Íñigo Vélez | Gaizka Garitano,"Sporting Gijón: encaje interior. El club acumula 10680 min Sub23 en la zona y demanda 93/100. Rasgos del jugador considerados: amenaza exterior. Fuente táctica actual: proxy construido con minutos/posición Wyscout; faltan eventos de centros, regates, duelos y mapas de calor para afinar. | CD Mirandés: encaje interior. El club acumula 13632 min Sub23 en la zona y demanda 100/100. Rasgos del jugador considerados: amenaza exterior. Fuente táctica actual: proxy construido con minutos/posición Wyscout; faltan eventos de centros, regates, duelos y mapas de calor para afinar. | Racing Santander: encaje interior. El club acumula 13932 min Sub23 en la zona y demanda 92/100. Rasgos del jugador considerados: amenaza exterior. Fuente táctica actual: proxy construido con minutos/posición Wyscout; faltan eventos de centros, regates, duelos y mapas de calor para afinar.","A. Martin Luis (CD Mirandés, 50) | Beñat Turrientes (Real Sociedad B, 46) | Manu Rodríguez (Sporting Gijón, 41)","R. Gomez (Centrocampista, 19 años, 159' esta temporada). Recomendación CEDER: probabilidad de éxito estimada 46/100. Pocos minutos en el filial: necesita competir para desarrollarse. Mejor destino: Sporting Gijón (score v2 cesión 36, desarrollo 96, demanda 93). Lectura táctica: Sporting Gijón: encaje interior. El club acumula 10680 min Sub23 en la zona y demanda 93/100. Rasgos del jugador considerados: amenaza exterior. Fuente táctica actual: proxy construido con minutos/posición Wyscout; faltan eventos de centros, regates, duelos y mapas de calor para afinar. Contexto clave: el Betis Deportivo ha descendido, por lo que mantener en el filial se penaliza (-18) y una cesión a categoría superior con destino competitivo recibe bonus (+10). Comparativa interna ajustada: cesión 46, mantener 0, venta 33. Casos similares: A. Martin Luis, Beñat Turrientes, Manu Rodríguez. Revalorización esperada (modelo): €185k."
Marcos Solís,Lateral,20,True,129,0,CEDER,45.0,operation_success_v2,35.0,45.0,0.0,17.7,38.6,32.6,True,18.0,10.0,Albacete Balompié,Rubén Albés,€237k,Albacete Balompié (68) | Cádiz CF (62) | CD Mirandés (50) | Real Zaragoza (50) | Sporting Gijón (48),Rubén Albés | Pako Ayestarán | Víctor Fernández | David Gallego,"Albacete Balompié: encaje exterior para lateral. Juego por fuera 75/100 y 8898 min Sub23 en laterales. Fuente táctica actual: proxy construido con minutos/posición Wyscout; faltan eventos de centros, regates, duelos y mapas de calor para afinar. | Cádiz CF: encaje exterior para lateral. Juego por fuera 78/100 y 5952 min Sub23 en laterales. Fuente táctica actual: proxy construido con minutos/posición Wyscout; faltan eventos de centros, regates, duelos y mapas de calor para afinar. | CD Mirandés: encaje exterior para lateral. Juego por fuera 52/100 y 5648 min Sub23 en laterales. Fuente táctica actual: proxy construido con minutos/posición Wyscout; faltan eventos de centros, regates, duelos y mapas de calor para afinar.","Marcos Luna (Real Zaragoza, 100) | Oscar Naasei (Granada CF, 69) | Roger Hinojo (Cultural Leonesa, 68)","Marcos Solís (Lateral, 20 años, 129' esta temporada). Recomendación CEDER: probabilidad de éxito estimada 45/100. Pocos minutos en el filial: necesita competir para desarrollarse. Mejor destino: Albacete Balompié (score v2 cesión 35, desarrollo 100, demanda 92). Lectura táctica: Albacete Balompié: encaje exterior para lateral. Juego por fuera 75/100 y 8898 min Sub23 en laterales. Fuente táctica actual: proxy construido con minutos/posición Wyscout; faltan eventos de centros, regates, duelos y mapas de calor para afinar. Contexto clave: el Betis Deportivo ha descendido, por lo que mantener en el filial se penaliza (-18) y una cesión a categoría superior con destino competitivo recibe bonus (+10). Comparativa interna ajustada: cesión 45, mantener 0, venta 33. Casos similares: Marcos Luna, Oscar Naasei, Roger Hinojo. Revalorización esperada (modelo): €237k."
Ruben De Sa Abreu,Lateral,18,True,355,0,CEDER,44.8,operation_success_v2,34.8,44.8,4.2,22.2,38.4,32.4,True,18.0,10.0,Albacete Balompié,Rubén Albés,€742k,Albacete Balompié (68) | Cádiz CF (62) | CD Mirandés (50) | Real Zaragoza (50) | Sporting Gijón (48),Rubén Albés | Pako Ayestarán | Víctor Fernández | David Gallego,"Albacete Balompié: encaje exterior para lateral. Juego por fuera 75/100 y 8898 min Sub23 en laterales. Rasgos del jugador considerados: amenaza exterior. Fuente táctica actual: proxy construido con minutos/posición Wyscout; faltan eventos de centros, regates, duelos y mapas de calor para afinar. | Cádiz CF: encaje exterior para lateral. Juego por fuera 78/100 y 5952 min Sub23 en laterales. Rasgos del jugador considerados: amenaza exterior. Fuente táctica actual: proxy construido con minutos/posición Wyscout; faltan eventos de centros, regates, duelos y mapas de calor para afinar. | CD Mirandés: encaje exterior para lateral. Juego por fuera 52/100 y 5648 min Sub23 en laterales. Rasgos del jugador considerados: amenaza exterior. Fuente táctica actual: proxy construido con minutos/posición Wyscout; faltan eventos de centros, regates, duelos y mapas de calor para afinar.","Juanlu Sánchez (CD Mirandés, 62) | Diego Sánchez (Sporting Gijón, 39) | Álex Valle (FC Andorra, 16)","Ruben De Sa Abreu (Lateral, 18 años, 355' esta temporada). Recomendación CEDER: probabilidad de éxito estimada 45/100. Pocos minutos en el filial: necesita competir para desarrollarse. Mejor destino: Albacete Balompié (score v2 cesión 35, desarrollo 100, demanda 92). Lectura táctica: Albacete Balompié: encaje exterior para lateral. Juego por fuera 75/100 y 8898 min Sub23 en laterales. Rasgos del jugador considerados: amenaza exterior. Fuente táctica actual: proxy construido con minutos/posición Wyscout; faltan eventos de centros, regates, duelos y mapas de calor para afinar. Contexto clave: el Betis Deportivo ha descendido, por lo que mantener en el filial se penaliza (-18) y una cesión a categoría superior con destino competitivo recibe bonus (+10). Comparativa interna ajustada: cesión 45, mantener 4, venta 32. Casos similares: Juanlu Sánchez, Diego Sánchez, Álex Valle. Revalorización esperada (modelo): €742k."
C. De Roa García,Lateral,18,True,117,0,CEDER,44.7,operation_success_v2,34.7,44.7,0.0,17.7,38.3,32.3,True,18.0,10.0,Albacete Balompié,Rubén Albés,€739k,Albacete Balompié (68) | Cádiz CF (62) | CD Mirandés (50) | Real Zaragoza (50) | Sporting Gijón (48),Rubén Albés | Pako Ayestarán | Víctor Fernández | David Gallego,"Albacete Balompié: encaje exterior para lateral. Juego por fuera 75/100 y 8898 min Sub23 en laterales. Fuente táctica actual: proxy construido con minutos/posición Wyscout; faltan eventos de centros, regates, duelos y mapas de calor para afinar. | Cádiz CF: encaje exterior para lateral. Juego por fuera 78/100 y 5952 min Sub23 en laterales. Fuente táctica actual: proxy construido con minutos/posición Wyscout; faltan eventos de centros, regates, duelos y mapas de calor para afinar. | CD Mirandés: encaje exterior para lateral. Juego por fuera 52/100 y 5648 min Sub23 en laterales. Fuente táctica actual: proxy construido con minutos/posición Wyscout; faltan eventos de centros, regates, duelos y mapas de calor para afinar.","Juanlu Sánchez (CD Mirandés, 62) | Diego Sánchez (Sporting Gijón, 39) | Álex Valle (FC Andorra, 16)","C. De Roa García (Lateral, 18 años, 117' esta temporada). Recomendación CEDER: probabilidad de éxito estimada 45/100. Pocos minutos en el filial: necesita competir para desarrollarse. Mejor destino: Albacete Balompié (score v2 cesión 35, desarrollo 100, demanda 92). Lectura táctica: Albacete Balompié: encaje exterior para lateral. Juego por fuera 75/100 y 8898 min Sub23 en laterales. Fuente táctica actual: proxy construido con minutos/posición Wyscout; faltan eventos de centros, regates, duelos y mapas de calor para afinar. Contexto clave: el Betis Deportivo ha descendido, por lo que mantener en el filial se penaliza (-18) y una cesión a categoría superior con destino competitivo recibe bonus (+10). Comparativa interna ajustada: cesión 45, mantener 0, venta 32. Casos similares: Juanlu Sánchez, Diego Sánchez, Álex Valle. Revalorización esperada (modelo): €739k."
Mario Navarro,Lateral,17,True,27,0,CEDER,44.7,operation_success_v2,34.7,44.7,0.0,16.2,38.3,32.3,True,18.0,10.0,Albacete Balompié,Rubén Albés,€739k,Albacete Balompié (68) | Cádiz CF (62) | CD Mirandés (50) | Real Zaragoza (50) | Sporting Gijón (48),Rubén Albés | Pako Ayestarán | Víctor Fernández | David Gallego,"Albacete Balompié: encaje exterior para lateral. Juego por fuera 75/100 y 8898 min Sub23 en laterales. Fuente táctica actual: proxy construido con minutos/posición Wyscout; faltan eventos de centros, regates, duelos y mapas de calor para afinar. | Cádiz CF: encaje exterior para lateral. Juego por fuera 78/100 y 5952 min Sub23 en laterales. Fuente táctica actual: proxy construido con minutos/posición Wyscout; faltan eventos de centros, regates, duelos y mapas de calor para afinar. | CD Mirandés: encaje exterior para lateral. Juego por fuera 52/100 y 5648 min Sub23 en laterales. Fuente táctica actual: proxy construido con minutos/posición Wyscout; faltan eventos de centros, regates, duelos y mapas de calor para afinar.","Carlos Jimenez (Levante UD, 1) | Juanlu Sánchez (CD Mirandés, 62) | Diego Sánchez (Sporting Gijón, 39)","Mario Navarro (Lateral, 17 años, 27' esta temporada). Recomendación CEDER: probabilidad de éxito estimada 45/100. Pocos minutos en el filial: necesita competir para desarrollarse. Mejor destino: Albacete Balompié (score v2 cesión 35, desarrollo 100, demanda 92). Lectura táctica: Albacete Balompié: encaje exterior para lateral. Juego por fuera 75/100 y 8898 min Sub23 en laterales. Fuente táctica actual: proxy construido con minutos/posición Wyscout; faltan eventos de centros, regates, duelos y mapas de calor para afinar. Contexto clave: el Betis Deportivo ha descendido, por lo que mantener en el filial se penaliza (-18) y una cesión a categoría superior con destino competitivo recibe bonus (+10). Comparativa interna ajustada: cesión 45, mantener 0, venta 32. Casos similares: Carlos Jimenez, Juanlu Sánchez, Diego Sánchez. Revalorización esperada (modelo): €739k."
K. Sosu,RAMF,20,True,903,2,CEDER,43.7,operation_success_v2,43.7,43.7,29.7,47.7,44.8,38.8,True,18.0,0.0,,,-,,,,"Bryan Zaragoza (Granada CF, 100) | Álvaro Aceves (CD Eldense, 100) | Gabri Martínez (CD Mirandés, 100)","K. Sosu (RAMF, 20 años, 903' esta temporada). Recomendación CEDER: probabilidad de éxito estimada 44/100. Contexto clave: el Betis Deportivo ha descendido, por lo que mantener en el filial se penaliza (-18) y una cesión a categoría superior con destino competitivo recibe bonus (+0). Comparativa interna ajustada: cesión 44, mantener 30, venta 39. Casos similares: Bryan Zaragoza, Álvaro Aceves, Gabri Martínez."
Y. Koré,Central,21,True,779,1,CEDER,42.7,operation_success_v2,32.7,42.7,19.3,37.3,35.1,29.1,True,18.0,10.0,CD Leganés,Borja Jiménez,€100k,CD Leganés (62) | Cádiz CF (59) | Sporting Gijón (56) | Real Valladolid CF (55) | CD Mirandés (54),Borja Jiménez | Pako Ayestarán | Rubén Albés | Diego Cocca | Míchel Alonso,"CD Leganés: encaje por oportunidad competitiva. Demanda 78/100 y 11583 min Sub23 en la posición. Rasgos del jugador considerados: altura para atacar centros. Fuente táctica actual: proxy construido con minutos/posición Wyscout; faltan eventos de centros, regates, duelos y mapas de calor para afinar. | Cádiz CF: encaje por oportunidad competitiva. Demanda 76/100 y 5706 min Sub23 en la posición. Rasgos del jugador considerados: altura para atacar centros. Fuente táctica actual: proxy construido con minutos/posición Wyscout; faltan eventos de centros, regates, duelos y mapas de calor para afinar. | Sporting Gijón: encaje por oportunidad competitiva. Demanda 93/100 y 4918 min Sub23 en la posición. Rasgos del jugador considerados: altura para atacar centros. Fuente táctica actual: proxy construido con minutos/posición Wyscout; faltan eventos de centros, regates, duelos y mapas de calor para afinar.","José Copete (SD Ponferradina, 100) | Loïc Williams (CD Tenerife, 100) | David López (Burgos CF, 100)","Y. Koré (Central, 21 años, 779' esta temporada). Recomendación CEDER: probabilidad de éxito estimada 43/100. Pocos minutos en el filial: necesita competir para desarrollarse. Mejor destino: CD Leganés (score v2 cesión 33, desarrollo 100, demanda 78). Lectura táctica: CD Leganés: encaje por oportunidad competitiva. Demanda 78/100 y 11583 min Sub23 en la posición. Rasgos del jugador considerados: altura para atacar centros. Fuente táctica actual: proxy construido con minutos/posición Wyscout; faltan eventos de centros, regates, duelos y mapas de calor para afinar. Contexto clave: el Betis Deportivo ha descendido, por lo que mantener en el filial se penaliza (-18) y una cesión a categoría superior con destino competitivo recibe bonus (+10). Comparativa interna ajustada: cesión 43, mantener 19, venta 29. Casos similares: José Copete, Loïc Williams, David López. Revalorización esperada (modelo): €100k."
Aitor Gismera,Mediocentro,22,True,1558,0,CEDER,35.9,operation_success_v2,35.9,35.9,20.8,38.8,38.2,38.2,True,18.0,0.0,Sporting Gijón,Rubén Albés,€122k,Sporting Gijón (49) | UD Almería (44) | CD Mirandés (43) | Deportivo de La Coruña (43) | SD Eibar (42),Rubén Albés | Míchel Alonso | Óscar Gilsanz | Gaizka Garitano,"Sporting Gijón: encaje interior. El club acumula 10680 min Sub23 en la zona y demanda 0/100. Fuente táctica actual: proxy construido con minutos/posición Wyscout; faltan eventos de centros, regates, duelos y mapas de calor para afinar. | UD Almería: encaje interior. El club acumula 8681 min Sub23 en la zona y demanda 0/100. Fuente táctica actual: proxy construido con minutos/posición Wyscout; faltan eventos de centros, regates, duelos y mapas de calor para afinar. | CD Mirandés: encaje interior. El club acumula 13632 min Sub23 en la zona y demanda 0/100. Fuente táctica actual: proxy construido con minutos/posición Wyscout; faltan eventos de centros, regates, duelos y mapas de calor para afinar.","Jonathan Dubasin (Albacete Balompié, 100) | Marc Aguado (FC Andorra, 100) | Abel Bretones (Real Oviedo, 100)","Aitor Gismera (Mediocentro, 22 años, 1558' esta temporada). Recomendación CEDER: probabilidad de éxito estimada 36/100. Mejor destino: Sporting Gijón (score v2 cesión 36, desarrollo 100, demanda 0). Lectura táctica: Sporting Gijón: encaje interior. El club acumula 10680 min Sub23 en la zona y demanda 0/100. Fuente táctica actual: proxy construido con minutos/posición Wyscout; faltan eventos de centros, regates, duelos y mapas de calor para afinar. Contexto clave: el Betis Deportivo ha descendido, por lo que mantener en el filial se penaliza (-18) y una cesión a categoría superior con destino competitivo recibe bonus (+0). Comparativa interna ajustada: cesión 36, mantener 21, venta 38. Casos similares: Jonathan Dubasin, Marc Aguado, Abel Bretones. Revalorización esperada (modelo): €122k."
M. Mensah,Mediocentro,22,True,1209,0,CEDER,34.4,operation_success_v2,34.4,34.4,16.2,34.2,37.0,37.0,True,18.0,0.0,Sporting Gijón,Rubén Albés,€119k,Sporting Gijón (49) | UD Almería (44) | CD Mirandés (43) | Deportivo de La Coruña (42) | SD Eibar (41),Rubén Albés | Míchel Alonso | Óscar Gilsanz | Gaizka Garitano,"Sporting Gijón: encaje interior. El club acumula 10680 min Sub23 en la zona y demanda 0/100. Fuente táctica actual: proxy construido con minutos/posición Wyscout; faltan eventos de centros, regates, duelos y mapas de calor para afinar. | UD Almería: encaje interior. El club acumula 8681 min Sub23 en la zona y demanda 0/100. Fuente táctica actual: proxy construido con minutos/posición Wyscout; faltan eventos de centros, regates, duelos y mapas de calor para afinar. | CD Mirandés: encaje interior. El club acumula 13632 min Sub23 en la zona y demanda 0/100. Fuente táctica actual: proxy construido con minutos/posición Wyscout; faltan eventos de centros, regates, duelos y mapas de calor para afinar.","Jonathan Dubasin (Albacete Balompié, 100) | Marc Aguado (FC Andorra, 100) | Abel Bretones (Real Oviedo, 100)","M. Mensah (Mediocentro, 22 años, 1209' esta temporada). Recomendación CEDER: probabilidad de éxito estimada 34/100. Mejor destino: Sporting Gijón (score v2 cesión 34, desarrollo 100, demanda 0). Lectura táctica: Sporting Gijón: encaje interior. El club acumula 10680 min Sub23 en la zona y demanda 0/100. Fuente táctica actual: proxy construido con minutos/posición Wyscout; faltan eventos de centros, regates, duelos y mapas de calor para afinar. Contexto clave: el Betis Deportivo ha descendido, por lo que mantener en el filial se penaliza (-18) y una cesión a categoría superior con destino competitivo recibe bonus (+0). Comparativa interna ajustada: cesión 34, mantener 16, venta 37. Casos similares: Jonathan Dubasin, Marc Aguado, Abel Bretones. Revalorización esperada (modelo): €119k."
M. Romero,Mediocentro,18,True,40,0,CEDER,33.6,operation_success_v2,33.6,33.6,1.7,19.7,36.1,30.1,True,18.0,0.0,Sporting Gijón,Rubén Albés,€756k,Sporting Gijón (48) | UD Almería (43) | CD Mirandés (42) | Deportivo de La Coruña (42) | SD Eibar (41),Rubén Albés | Míchel Alonso | Óscar Gilsanz | Gaizka Garitano,"Sporting Gijón: encaje interior. El club acumula 10680 min Sub23 en la zona y demanda 0/100. Fuente táctica actual: proxy construido con minutos/posición Wyscout; faltan eventos de centros, regates, duelos y mapas de calor para afinar. | UD Almería: encaje interior. El club acumula 8681 min Sub23 en la zona y demanda 0/100. Fuente táctica actual: proxy construido con minutos/posición Wyscout; faltan eventos de centros, regates, duelos y mapas de calor para afinar. | CD Mirandés: encaje interior. El club acumula 13632 min Sub23 en la zona y demanda 0/100. Fuente táctica actual: proxy construido con minutos/posición Wyscout; faltan eventos de centros, regates, duelos y mapas de calor para afinar.","Jeremy Arévalo (Racing Santander, 100) | Gonzalo Petit (CD Mirandés, 100) | Jon Karrikaburu (Real Sociedad B, 86)","M. Romero (Mediocentro, 18 años, 40' esta temporada). Recomendación CEDER: probabilidad de éxito estimada 34/100. Pocos minutos en el filial: necesita competir para desarrollarse. Mejor destino: Sporting Gijón (score v2 cesión 34, desarrollo 100, demanda 0). Lectura táctica: Sporting Gijón: encaje interior. El club acumula 10680 min Sub23 en la zona y demanda 0/100. Fuente táctica actual: proxy construido con minutos/posición Wyscout; faltan eventos de centros, regates, duelos y mapas de calor para afinar. Contexto clave: el Betis Deportivo ha descendido, por lo que mantener en el filial se penaliza (-18) y una cesión a categoría superior con destino competitivo recibe bonus (+0). Comparativa interna ajustada: cesión 34, mantener 2, venta 30. Casos similares: Jeremy Arévalo, Gonzalo Petit, Jon Karrikaburu. Revalorización esperada (modelo): €756k."
Ismael Barea,Mediocentro,20,True,395,0,CEDER,33.3,operation_success_v2,33.3,33.3,4.0,22.0,35.9,29.9,True,18.0,0.0,Sporting Gijón,Rubén Albés,€146k,Sporting Gijón (48) | UD Almería (43) | CD Mirandés (42) | Deportivo de La Coruña (42) | SD Eibar (41),Rubén Albés | Míchel Alonso | Óscar Gilsanz | Gaizka Garitano,"Sporting Gijón: encaje interior. El club acumula 10680 min Sub23 en la zona y demanda 0/100. Fuente táctica actual: proxy construido con minutos/posición Wyscout; faltan eventos de centros, regates, duelos y mapas de calor para afinar. | UD Almería: encaje interior. El club acumula 8681 min Sub23 en la zona y demanda 0/100. Fuente táctica actual: proxy construido con minutos/posición Wyscout; faltan eventos de centros, regates, duelos y mapas de calor para afinar. | CD Mirandés: encaje interior. El club acumula 13632 min Sub23 en la zona y demanda 0/100. Fuente táctica actual: proxy construido con minutos/posición Wyscout; faltan eventos de centros, regates, duelos y mapas de calor para afinar.","Bryan Zaragoza (Granada CF, 100) | Álvaro Aceves (CD Eldense, 100) | Gabri Martínez (CD Mirandés, 100)","Ismael Barea (Mediocentro, 20 años, 395' esta temporada). Recomendación CEDER: probabilidad de éxito estimada 33/100. Pocos minutos en el filial: necesita competir para desarrollarse. Mejor destino: Sporting Gijón (score v2 cesión 33, desarrollo 100, demanda 0). Lectura táctica: Sporting Gijón: encaje interior. El club acumula 10680 min Sub23 en la zona y demanda 0/100. Fuente táctica actual: proxy construido con minutos/posición Wyscout; faltan eventos de centros, regates, duelos y mapas de calor para afinar. Contexto clave: el Betis Deportivo ha descendido, por lo que mantener en el filial se penaliza (-18) y una cesión a categoría superior con destino competitivo recibe bonus (+0). Comparativa interna ajustada: cesión 33, mantener 4, venta 30. Casos similares: Bryan Zaragoza, Álvaro Aceves, Gabri Martínez. Revalorización esperada (modelo): €146k."
