temporada,club,jugador,tipo_operacion,club_destino
2025-26,AD Ceuta FC,Andy Escudero,libre,Hércules CF
2025-26,AD Ceuta FC,Bless Aniekan,cesión,Xerez CD
2025-26,AD Ceuta FC,Borja López,libre,AC Bellinzona
2025-26,AD Ceuta FC,Dani Aquino,libre,UCAM Murcia CF
2025-26,AD Ceuta FC,Efe Aghama,traspaso,Cádiz CF
2025-26,AD Ceuta FC,Fran Delgado,retorno de cesión,SC Farense
2025-26,AD Ceuta FC,Iomar Vidal,cesión,Antequera CF
2025-26,AD Ceuta FC,Jacobo Guzmán,libre,CD Coria
2025-26,AD Ceuta FC,Jota López,libre,Unionistas CF
2025-26,AD Ceuta FC,Juanto Ortuño,libre,Real Murcia CF
2025-26,AD Ceuta FC,Manu Vallejo,desconocido,Without Club
2025-26,AD Ceuta FC,Martín Bellotti,retorno de cesión,CF Intercity
2025-26,AD Ceuta FC,Rodri Ríos,libre,Marbella FC
2025-26,AD Ceuta FC,Samuel Obeng,libre,Albacete Balompié
2025-26,AD Ceuta FC,Sofiane El Ftouhi,desconocido,UD Ibiza
2025-26,AD Ceuta FC,Taufek Bayoud,libre,UD Almería B
2025-26,AD Ceuta FC,Victor Corral,cesión,Mérida AD
2025-26,Albacete Balompié,Antonio David,cesión,Real Murcia CF
2025-26,Albacete Balompié,Christian Kofane,traspaso,Bayer 04 Leverkusen
2025-26,Albacete Balompié,Cristian Rivero,retorno de cesión,Valencia CF
2025-26,Albacete Balompié,Dani Escriche,libre,Apollon Limassol
2025-26,Albacete Balompié,Fidel,libre,CD Eldense
2025-26,Albacete Balompié,Jaume Costa,desconocido,Retired
2025-26,Albacete Balompié,Javi Martón,retorno de cesión,Athletic Bilbao
2025-26,Albacete Balompié,Javi Rueda,retorno de cesión,Celta de Vigo
2025-26,Albacete Balompié,Jon García,libre,Real Murcia CF
2025-26,Albacete Balompié,Jon Morcillo,traspaso,UD Almería
2025-26,Albacete Balompié,Jovanny Bolívar,cesión,Internacional de Bogotá
2025-26,Albacete Balompié,Juan María Alcedo,libre,Córdoba CF
2025-26,Albacete Balompié,Juanma García,libre,Algeciras CF
2025-26,Albacete Balompié,Lalo Aguilar,retorno de cesión,CD Leganés
2025-26,Albacete Balompié,Nabil Touaizi,libre,FC Alverca
2025-26,Albacete Balompié,Pablo Sáenz,retorno de cesión,Granada CF
2025-26,Albacete Balompié,Rai Marchán,libre,AD Alcorcón
2025-26,Albacete Balompié,Riki Rodríguez,traspaso,Deportivo de La Coruña
2025-26,Albacete Balompié,Álvaro Rodríguez,libre,SD Eibar
2025-26,Burgos CF,Aitor Córdoba,traspaso,Tianjin Jinmen Tiger
2025-26,Burgos CF,Ander Martín,libre,FC Cartagena
2025-26,Burgos CF,Anderson Arroyo,traspaso,Rubin Kazan
2025-26,Burgos CF,Borja Sánchez,retorno de cesión,Real Oviedo
2025-26,Burgos CF,Dani Ojeda,libre,SD Huesca
2025-26,Burgos CF,Edu Espiau,libre,Arka Gdynia
2025-26,Burgos CF,Elady Zorrilla,libre,Atlético Mancha Real
2025-26,Burgos CF,Fernando Mimbacas,desconocido,CA Juventud
2025-26,Burgos CF,Gabriel Barès,libre,KAS Eupen
2025-26,Burgos CF,Ghislain Konan,libre,Gil Vicente FC
2025-26,Burgos CF,Iván Chapela,desconocido,CD Tenerife
2025-26,Burgos CF,Nikola Milicic,libre,FK Radnicki 1923 Kragujevac
2025-26,Burgos CF,Pipa,retorno de cesión,Ludogorets Razgrad
2025-26,Burgos CF,Raúl Navarro,desconocido,Without Club
2025-26,Burgos CF,Rubén Quintanilla,retorno de cesión,UD Almería
2025-26,Burgos CF,Tomeu Nadal,desconocido,Retired
2025-26,Burgos CF,Álex Sancris,libre,Getafe CF
2025-26,CD Castellón,Albert Lottin,cesión,UD Leiria
2025-26,CD Castellón,Daijiro Chirino,traspaso,UD Almería
2025-26,CD Castellón,David Flakus Bosilj,traspaso,Real Murcia CF
2025-26,CD Castellón,Giovanni Zarfino,libre,CD Extremadura 1924
2025-26,CD Castellón,Gonzalo Crettaz,libre,NEC Nijmegen
2025-26,CD Castellón,Jesús de Miguel,traspaso,CD Tenerife
2025-26,CD Castellón,Jetro Willems,libre,NEC Nijmegen
2025-26,CD Castellón,Josep Calavera,libre,CD Tenerife
2025-26,CD Castellón,Jozhua Vertrouwd,cesión,Rayo Vallecano
2025-26,CD Castellón,Juan Escobar,libre,CD Godoy Cruz Antonio Tomba
2025-26,CD Castellón,Kenneth Mamah,traspaso,Van Spor FK
2025-26,CD Castellón,Mamadou Traoré,cesión,CD Teruel
2025-26,CD Castellón,Milos Jojic,libre,FK Borac Banja Luka
2025-26,CD Castellón,Nick Markanich,cesión,Houston Dynamo FC
2025-26,CD Castellón,Raúl Sánchez,traspaso,Club Necaxa
2025-26,CD Castellón,Sergio Moyita,libre,Real Murcia CF
2025-26,CD Castellón,Serpeta,cesión,Unionistas CF
2025-26,CD Castellón,Thomas van den Belt,retorno de cesión,Feyenoord Rotterdam
2025-26,CD Castellón,Óscar Gil,libre,Real Murcia CF
2025-26,CD Leganés,Adrià Altimira,retorno de cesión,Villarreal CF
2025-26,CD Leganés,Benjamin Pauwels,cesión,FC Volendam
2025-26,CD Leganés,Borna Barisic,retorno de cesión,Trabzonspor
2025-26,CD Leganés,Dani Raba,libre,Valencia CF
2025-26,CD Leganés,Darko Brasanac,desconocido,Without Club
2025-26,CD Leganés,Javi Hernández,cesión,Panathinaikos
2025-26,CD Leganés,Julián Chicco,libre,Asteras Aktor
2025-26,CD Leganés,Marko Dmitrovic,libre,RCD Espanyol Barcelona
2025-26,CD Leganés,Matija Nastasić,libre,Al-Ula FC
2025-26,CD Leganés,Miguel de la Fuente,cesión,UD Almería
2025-26,CD Leganés,Munir El Haddadi,desconocido,Without Club
2025-26,CD Leganés,Renato Tapia,libre,Al-Wasl SC
2025-26,CD Leganés,Sergio González,libre,Al-Riyadh SC
2025-26,CD Leganés,Valentin Rosier,libre,CA Osasuna
2025-26,CD Leganés,Yan Diomande,traspaso,RB Leipzig
2025-26,CD Leganés,Yvan Neyou,libre,Getafe CF
2025-26,CD Leganés,Óscar Rodríguez,libre,Al-Diraiyah FC
2025-26,CD Mirandés,Adrián Butzke,retorno de cesión,Vitória Guimarães SC
2025-26,CD Mirandés,Alberto Dadie,retorno de cesión,Real Sociedad B
2025-26,CD Mirandés,Alberto Reina,libre,Real Oviedo
2025-26,CD Mirandés,Ander Martín,retorno de cesión,Burgos CF
2025-26,CD Mirandés,Carlo García,retorno de cesión,Villarreal CF B
2025-26,CD Mirandés,Etienne Eto'o,retorno de cesión,Rayo Vallecano
2025-26,CD Mirandés,Gonzalo Petit,retorno de cesión,Real Betis Balompié
2025-26,CD Mirandés,Hugo Rincón,retorno de cesión,Athletic Bilbao
2025-26,CD Mirandés,Iker Benito,retorno de cesión,CA Osasuna
2025-26,CD Mirandés,Ismael Barea,retorno de cesión,Betis Deportivo Balompié
2025-26,CD Mirandés,Joaquín Panichelli,retorno de cesión,Deportivo Alavés
2025-26,CD Mirandés,Joel Roca,retorno de cesión,Girona FC
2025-26,CD Mirandés,Jon Gorrotxategi,retorno de cesión,Real Sociedad
2025-26,CD Mirandés,Julio Alonso,libre,SD Huesca
2025-26,CD Mirandés,Luis López,libre,SD Eibar
2025-26,CD Mirandés,Marino Illescas,libre,AD Ceuta FC
2025-26,CD Mirandés,Mathis Lachuer,libre,Real Valladolid CF
2025-26,CD Mirandés,Pablo Tomeo,libre,Real Valladolid CF
2025-26,CD Mirandés,Raúl Fernández,libre,Deportivo Alavés
2025-26,CD Mirandés,Tachi,libre,Real Zaragoza
2025-26,CD Mirandés,Unai Egiluz,retorno de cesión,Athletic Bilbao
2025-26,CD Mirandés,Urko Izeta,retorno de cesión,Athletic Bilbao
2025-26,CD Mirandés,Victor Parada,retorno de cesión,Deportivo Alavés
2025-26,CD Mirandés,Álex Calvo,retorno de cesión,FC Andorra
2025-26,CD Mirandés,Álex Cardero,retorno de cesión,Real Oviedo
2025-26,Cultural Leonesa,Adrián Ruiz,cesión,Marbella FC
2025-26,Cultural Leonesa,Agustín Pastoriza,libre,FC Aktobe
2025-26,Cultural Leonesa,Alejandro Fernández,libre,SD Tarazona
2025-26,Cultural Leonesa,Antón Escobar,libre,Racing Ferrol
2025-26,Cultural Leonesa,Carlos Calderón,libre,FC Cartagena
2025-26,Cultural Leonesa,Daniel Paraschiv,retorno de cesión,Real Oviedo
2025-26,Cultural Leonesa,Diego Barri,libre,CD Castellón
2025-26,Cultural Leonesa,Guzmán Ortega,cesión,Real Avilés Industrial
2025-26,Cultural Leonesa,Jordi Mboula,traspaso,Henan FC
2025-26,Cultural Leonesa,Juan Artola,libre,Mérida AD
2025-26,Cultural Leonesa,Juan Larios,retorno de cesión,Southampton FC
2025-26,Cultural Leonesa,Kevin Presa,libre,CD Lugo
2025-26,Cultural Leonesa,Lanchi,libre,AD Alcorcón
2025-26,Cultural Leonesa,Luis Chacón,retorno de cesión,Deportivo de La Coruña
2025-26,Cultural Leonesa,Nico Toca,desconocido,CyD Leonesa Júpiter Leonés B
2025-26,Cultural Leonesa,Paco Cortés,retorno de cesión,Levante UD
2025-26,Cultural Leonesa,Santi Samanes,libre,CD Lugo
2025-26,Cultural Leonesa,Txus Alba,libre,CD Lugo
2025-26,Cultural Leonesa,Víctor Ruiz,libre,Algeciras CF
2025-26,Cultural Leonesa,Álvaro Martínez,libre,Moreirense FC
2025-26,Cádiz CF,Bojan Kovacevic,retorno de cesión,FK Partizan Belgrade
2025-26,Cádiz CF,Carlos Fernández,retorno de cesión,Real Sociedad
2025-26,Cádiz CF,Chris Ramos,cesión,Botafogo de Futebol e Regatas
2025-26,Cádiz CF,David García,cesión,UD Ibiza
2025-26,Cádiz CF,Efe Aghama,cesión,SD Huesca
2025-26,Cádiz CF,Fali,desconocido,Without Club
2025-26,Cádiz CF,Fede San Emeterio,libre,SD Ponferradina
2025-26,Cádiz CF,Francisco Mwepu,cesión,Atlético Sanluqueño CF
2025-26,Cádiz CF,Gonzalo Escalante,desconocido,Without Club
2025-26,Cádiz CF,Isaac Obeng,cesión,Algeciras CF
2025-26,Cádiz CF,Iván Alejo,libre,APOEL Nicosia
2025-26,Cádiz CF,Joseba Zaldua,desconocido,Without Club
2025-26,Cádiz CF,José Antonio Caro,libre,UD Las Palmas
2025-26,Cádiz CF,José Matos,libre,AD Ceuta FC
2025-26,Cádiz CF,Luis Hernández,desconocido,Retired
2025-26,Cádiz CF,Rubén Alcaraz,libre,Granada CF
2025-26,Cádiz CF,Rubén Sobrino,libre,Cultural Leonesa
2025-26,Cádiz CF,Usher Lobede,cesión,Atlético Sanluqueño CF
2025-26,Cádiz CF,Víctor Chust,cesión,Elche CF
2025-26,Cádiz CF,Youba Diarra,desconocido,TSV Hartberg
2025-26,Cádiz CF,Óscar Melendo,libre,Shanghai Port
2025-26,Córdoba CF,Alberto del Moral,retorno de cesión,Real Oviedo
2025-26,Córdoba CF,Ander Yoldi,retorno de cesión,CA Osasuna Promesas
2025-26,Córdoba CF,Antonio Casas,libre,Venezia FC
2025-26,Córdoba CF,Carlos Isaac,traspaso,Widzew Lodz
2025-26,Córdoba CF,Gabriele Corbo,libre,Delfino Pescara 1936
2025-26,Córdoba CF,Genaro Rodríguez,libre,UD Leiria
2025-26,Córdoba CF,Jan Salas,retorno de cesión,RCD Mallorca
2025-26,Córdoba CF,Jon Magunazelaia,retorno de cesión,Real Sociedad
2025-26,Córdoba CF,José Calderón,libre,Zalaegerszegi TE FC
2025-26,Córdoba CF,Jude Soonsup-Bell,libre,Grimsby Town
2025-26,Córdoba CF,Mariano Carmona,cesión,AD Alcorcón
2025-26,Córdoba CF,Marvel,retorno de cesión,Real Madrid Castilla
2025-26,Córdoba CF,Matías Barboza,cesión,Atlético Madrileño
2025-26,Córdoba CF,Ramón Vila,cesión,CD Eldense
2025-26,Córdoba CF,Rubén Alves,retorno de cesión,CD Tenerife
2025-26,Córdoba CF,Victor Sánchez,cesión,Marbella FC
2025-26,Córdoba CF,Álex Sala,traspaso,US Lecce
2025-26,Deportivo de La Coruña,Daniel Bachmann,retorno de cesión,Watford FC
2025-26,Deportivo de La Coruña,Davo,libre,FC Penafiel
2025-26,Deportivo de La Coruña,Denis Genreau,libre,Melbourne Victory
2025-26,Deportivo de La Coruña,Diego Gómez,cesión,FC Cartagena
2025-26,Deportivo de La Coruña,Helton Leite,traspaso,Fortaleza Esporte Clube
2025-26,Deportivo de La Coruña,Hugo Rama,desconocido,Without Club
2025-26,Deportivo de La Coruña,Iano Simão,desconocido,FC Penafiel
2025-26,Deportivo de La Coruña,Iván Barbero,traspaso,FC Arouca
2025-26,Deportivo de La Coruña,Jaime Sánchez,libre,FC Penafiel
2025-26,Deportivo de La Coruña,Jairo Noriega,cesión,Racing Ferrol
2025-26,Deportivo de La Coruña,Juan Carlos Gauto,retorno de cesión,FC Basel 1893
2025-26,Deportivo de La Coruña,Kevin Sánchez,cesión,FC Cartagena
2025-26,Deportivo de La Coruña,Luis Chacón,cesión,Cultural Leonesa
2025-26,Deportivo de La Coruña,Mohamed Bouldini,cesión,Granada CF
2025-26,Deportivo de La Coruña,Nemanja Tosic,retorno de cesión,FC Zürich
2025-26,Deportivo de La Coruña,Nuke Mfulu,desconocido,Without Club
2025-26,Deportivo de La Coruña,Pablo Martínez,desconocido,Without Club
2025-26,Deportivo de La Coruña,Pablo Muñoz,libre,CD Guadalajara
2025-26,Deportivo de La Coruña,Pablo Vázquez,traspaso,Sporting Gijón
2025-26,Deportivo de La Coruña,Rafa Obrador,retorno de cesión,Real Madrid Castilla
2025-26,Deportivo de La Coruña,Raúl Alcaina,desconocido,FC Penafiel
2025-26,Deportivo de La Coruña,Rubén López,cesión,Pontevedra CF
2025-26,Deportivo de La Coruña,Álex Petxarroman,cesión,FC Andorra
2025-26,FC Andorra,Aitor Uzkudun,cesión,Real Avilés Industrial
2025-26,FC Andorra,Alberto Solís,cesión,CD Arenteiro
2025-26,FC Andorra,Alejandro Ibarrondo,libre,CD Eldense
2025-26,FC Andorra,Antal Yaakobishvili,retorno de cesión,Girona FC
2025-26,FC Andorra,Berto Rosas,cesión,UD Logroñés
2025-26,FC Andorra,Bilal Achhiba,cesión,CE Atlètic Lleida
2025-26,FC Andorra,Christos Almpanis,cesión,Gimnàstic de Tarragona
2025-26,FC Andorra,César Morgado,libre,Gimnàstic de Tarragona
2025-26,FC Andorra,Erik Morán,desconocido,Without Club
2025-26,FC Andorra,Iván Rodríguez,cesión,Villarreal CF B
2025-26,FC Andorra,Jan Encuentra,cesión,Unionistas CF
2025-26,FC Andorra,Javier Vicario,cesión,Barakaldo CF
2025-26,FC Andorra,Jesús Clemente,libre,CD Eldense
2025-26,FC Andorra,Juanda Fuentes,cesión,Gimnàstic de Tarragona
2025-26,FC Andorra,Luismi Redondo,cesión,FC Cartagena
2025-26,FC Andorra,Manel Royo,libre,CD Teruel
2025-26,FC Andorra,Martín Merquelanz,libre,Kitchee
2025-26,FC Andorra,Oier Olazábal,desconocido,Without Club
2025-26,FC Andorra,Pablo Trigueros,libre,CD Lugo
2025-26,FC Andorra,Pau Casadesús,libre,Granada CF
2025-26,FC Andorra,Uri Busquets,libre,KAS Eupen
2025-26,FC Andorra,Álvaro Peña,libre,Racing Ferrol
2025-26,Granada CF,Abde Rebbach,retorno de cesión,Deportivo Alavés
2025-26,Granada CF,Borja Bastón,desconocido,Without Club
2025-26,Granada CF,Carlos Neva,libre,Albacete Balompié
2025-26,Granada CF,Diego Mariño,libre,Albacete Balompié
2025-26,Granada CF,Gerard Gumbau,cesión,Rayo Vallecano
2025-26,Granada CF,Giorgi Tsitaishvili,retorno de cesión,Dynamo Kyiv
2025-26,Granada CF,Gonzalo Villar,traspaso,GNK Dinamo Zagreb
2025-26,Granada CF,Kamil Jóźwiak,desconocido,Without Club
2025-26,Granada CF,Lucas Boyé,traspaso,Deportivo Alavés
2025-26,Granada CF,Marc Martínez,libre,CD Lugo
2025-26,Granada CF,Martin Hongla,cesión,Aris Thessaloniki
2025-26,Granada CF,Miguel Rubio,libre,RCD Espanyol Barcelona
2025-26,Granada CF,Miguel Ángel Brau,libre,Coventry City
2025-26,Granada CF,Pablo Insua,libre,Real Zaragoza
2025-26,Granada CF,Reinier,retorno de cesión,Real Madrid
2025-26,Granada CF,Ricard Sánchez,libre,GD Estoril Praia
2025-26,Granada CF,Rubén Sánchez,retorno de cesión,RCD Espanyol Barcelona
2025-26,Granada CF,Shon Weissman,desconocido,Without Club
2025-26,Granada CF,Siren Diao,retorno de cesión,Atalanta U23
2025-26,Granada CF,Souleymane Faye,traspaso,Sporting CP
2025-26,Granada CF,Stoichkov,cesión,Deportivo de La Coruña
2025-26,Granada CF,Theo Corbeanu,traspaso,Toronto FC
2025-26,Málaga CF,Antoñito Cordero,libre,Newcastle United
2025-26,Málaga CF,Dioni,libre,CD Eldense
2025-26,Málaga CF,Juan Hernández,libre,CF Lorca Deportiva
2025-26,Málaga CF,Kevin Medina,libre,Córdoba CF
2025-26,Málaga CF,Luca Sangalli,desconocido,Without Club
2025-26,Málaga CF,Manu Molina,libre,CD Eldense
2025-26,Málaga CF,Moussa Diarra,desconocido,Atlético Malagueño
2025-26,Málaga CF,Nélson Monte,traspaso,UD Almería
2025-26,Málaga CF,Roko Baturina,retorno de cesión,Gil Vicente FC
2025-26,Málaga CF,Yanis Rahmani,desconocido,Without Club
2025-26,Racing Santander,Clément Michelin,cesión,Real Valladolid CF
2025-26,Racing Santander,Ekain Zenitagoia,libre,Real Murcia CF
2025-26,Racing Santander,Javi Montero,libre,Málaga CF
2025-26,Racing Santander,Jeremy Arévalo,traspaso,VfB Stuttgart
2025-26,Racing Santander,Jon Karrikaburu,retorno de cesión,Real Sociedad
2025-26,Racing Santander,Lago Júnior,libre,CD Lugo
2025-26,Racing Santander,Miquel Parera,libre,Racing Ferrol
2025-26,Racing Santander,Neco Celorio,cesión,CD Lugo
2025-26,Racing Santander,Pablo Rodríguez,retorno de cesión,US Lecce
2025-26,Racing Santander,Plamen Andreev,retorno de cesión,Feyenoord Rotterdam
2025-26,Racing Santander,Pol Moreno,libre,FC Goa
2025-26,Racing Santander,Rober González,retorno de cesión,NEC Nijmegen
2025-26,Racing Santander,Saúl García,libre,Racing Ferrol
2025-26,Racing Santander,Unai Vencedor,retorno de cesión,Athletic Bilbao
2025-26,Racing Santander,Víctor Meseguer,retorno de cesión,Real Valladolid CF
2025-26,Racing Santander,Yeray Cabanzón,cesión,FC Andorra
2025-26,Real Sociedad B,Eder García,libre,Bilbao Athletic
2025-26,Real Sociedad B,Ibra Cámara,desconocido,Without Club
2025-26,Real Sociedad B,Iker Ropero,cesión,Barakaldo CF
2025-26,Real Sociedad B,Jakes Gorosabel,desconocido,Real Sociedad C
2025-26,Real Sociedad B,Jon Merino,libre,CD Lugo
2025-26,Real Sociedad B,Manex Gibelalde,libre,Bilbao Athletic
2025-26,Real Sociedad B,Mikel Goti,desconocido,Real Sociedad
2025-26,Real Sociedad B,Peru Rodríguez,libre,Cultural Leonesa
2025-26,Real Sociedad B,Sydney Osazuwa,cesión,AZ Alkmaar U21
2025-26,Real Valladolid CF,Adrián Arnu,cesión,Real Madrid C
2025-26,Real Valladolid CF,André Ferreira,libre,Moreirense FC
2025-26,Real Valladolid CF,Antonio Candela,retorno de cesión,Venezia FC
2025-26,Real Valladolid CF,Anuar,libre,AD Ceuta FC
2025-26,Real Valladolid CF,Cenk Özkacar,retorno de cesión,Valencia CF
2025-26,Real Valladolid CF,Darwin Machís,libre,Universidad Central de Venezuela
2025-26,Real Valladolid CF,Eray Cömert,retorno de cesión,Valencia CF
2025-26,Real Valladolid CF,Florian Grillitsch,retorno de cesión,TSG 1899 Hoffenheim
2025-26,Real Valladolid CF,Henrique Silva,libre,Turan-Tovuz IK
2025-26,Real Valladolid CF,Iván Sánchez,libre,Sepahan FC
2025-26,Real Valladolid CF,Javi Sánchez,libre,FC Arouca
2025-26,Real Valladolid CF,Jorge Delgado,cesión,GD Chaves
2025-26,Real Valladolid CF,Joseph Aidoo,retorno de cesión,Celta de Vigo
2025-26,Real Valladolid CF,Karl Hein,retorno de cesión,Arsenal FC
2025-26,Real Valladolid CF,Luis Pérez,libre,Gaziantep FK
2025-26,Real Valladolid CF,Mamadou Sylla,libre,Al-Riyadh SC
2025-26,Real Valladolid CF,Raúl Moro,traspaso,Ajax Amsterdam
2025-26,Real Valladolid CF,Selim Amallah,libre,Khor Fakkan SSC
2025-26,Real Valladolid CF,Tamás Nikitscher,traspaso,Rio Ave FC
2025-26,Real Valladolid CF,Trilli,cesión,Córdoba CF
2025-26,Real Valladolid CF,Xavi Moreno,cesión,CE Sabadell FC
2025-26,Real Zaragoza,Adrián Liso,cesión,Getafe CF
2025-26,Real Zaragoza,Adu Ares,retorno de cesión,Athletic Bilbao
2025-26,Real Zaragoza,Ager Aketxe,libre,Johor Darul Ta'zim
2025-26,Real Zaragoza,Alberto Marí,retorno de cesión,Valencia CF
2025-26,Real Zaragoza,Alberto Vaquero,libre,SD Tarazona
2025-26,Real Zaragoza,Andrés Borge,desconocido,Without Club
2025-26,Real Zaragoza,Bernardo Vital,traspaso,Jagiellonia Bialystok
2025-26,Real Zaragoza,Carlos Nieto,libre,SD Tarazona
2025-26,Real Zaragoza,Enrique Clemente,retorno de cesión,UD Las Palmas
2025-26,Real Zaragoza,Gaëtan Poussin,desconocido,Red Star FC
2025-26,Real Zaragoza,Gori Gracia,libre,Juventud Torremolinos CF
2025-26,Real Zaragoza,Iván Calero,libre,Cultural Leonesa
2025-26,Real Zaragoza,Jair Amador,libre,SD Eibar
2025-26,Real Zaragoza,Joan Femenías,libre,FC Penafiel
2025-26,Real Zaragoza,Kervin Arriaga,retorno de cesión,FK Partizan Belgrade
2025-26,Real Zaragoza,Lluís López,libre,Shandong Taishan
2025-26,Real Zaragoza,Marcos Luna,traspaso,UD Almería
2025-26,Real Zaragoza,Pau Sans,cesión,Cracovia
2025-26,Real Zaragoza,Samed Bazdar,cesión,Jagiellonia Bialystok
2025-26,Real Zaragoza,Sebastian Kosa,cesión,FC Kosice
2025-26,Real Zaragoza,Sergi Enrich,libre,SD Huesca
2025-26,Real Zaragoza,Yussif Saidu,retorno de cesión,Dansoman Wise XI FC
2025-26,SD Eibar,Antonio Puertas,libre,Albacete Balompié
2025-26,SD Eibar,Arnau Comas,retorno de cesión,FC Basel 1893
2025-26,SD Eibar,Chema Rodríguez,libre,Racing Ferrol
2025-26,SD Eibar,Cristian Gutiérrez,traspaso,UD Las Palmas
2025-26,SD Eibar,Eric Pérez,cesión,Barakaldo CF
2025-26,SD Eibar,Iker Alday,cesión,Bilbao Athletic
2025-26,SD Eibar,Iván Gil,retorno de cesión,UD Las Palmas
2025-26,SD Eibar,Jorge Pascual,retorno de cesión,Villarreal CF
2025-26,SD Eibar,Jorge Yriarte,desconocido,Slask Wroclaw
2025-26,SD Eibar,Leonardo Buta,retorno de cesión,Udinese Calcio
2025-26,SD Eibar,Martín Merquelanz,desconocido,Without Club
2025-26,SD Eibar,Oscar Carrasco,cesión,SD Tarazona
2025-26,SD Eibar,Slavy,libre,Hércules CF
2025-26,SD Eibar,Xeber Alkain,libre,Karpaty Lviv
2025-26,SD Eibar,Álex Domínguez,retorno de cesión,FC Toulouse
2025-26,SD Eibar,Álvaro Carrillo,libre,SD Huesca
2025-26,SD Eibar,Ángel Troncho,cesión,Arenas Club
2025-26,SD Huesca,Ayman Arguigue,cesión,Villarreal CF B
2025-26,SD Huesca,Diego González,libre,AD Ceuta FC
2025-26,SD Huesca,Gerard Valentín,traspaso,Al-Wakrah SC
2025-26,SD Huesca,Gustavo Albarracín,retorno de cesión,Deportivo Alavés
2025-26,SD Huesca,Hugo Pérez,retorno de cesión,RCD Espanyol Barcelona
2025-26,SD Huesca,Hugo Vallejo,libre,Piast Gliwice
2025-26,SD Huesca,Ignasi Vilarrasa,libre,Córdoba CF
2025-26,SD Huesca,Iker Kortajarena,traspaso,Al-Kholood Club
2025-26,SD Huesca,Iker Unzueta,libre,CD Lugo
2025-26,SD Huesca,Javi Hernández,retorno de cesión,RCD Espanyol Barcelona
2025-26,SD Huesca,Javi Pérez,libre,CD Tenerife
2025-26,SD Huesca,Joaquín Muñoz,libre,Málaga CF
2025-26,SD Huesca,Jérémy Blasco,libre,Radomiak Radom
2025-26,SD Huesca,Manu Rico,cesión,CA Osasuna Promesas
2025-26,SD Huesca,Miguel Loureiro,traspaso,Deportivo de La Coruña
2025-26,SD Huesca,Moi Delgado,libre,Gimnàstic de Tarragona
2025-26,SD Huesca,Patrick Soko,libre,UD Almería
2025-26,SD Huesca,Rubén Pulido,libre,CD Leganés
2025-26,SD Huesca,Samuel Ntamack,cesión,Amiens SC
2025-26,SD Huesca,Sergi Enrich,retorno de cesión,Real Zaragoza
2025-26,SD Huesca,Willy Chatiliez,cesión,FC Cartagena
2025-26,SD Huesca,Ángel Pérez,traspaso,Deportivo Alavés
2025-26,Sporting Gijón,Carlos Dotor,retorno de cesión,Celta de Vigo
2025-26,Sporting Gijón,Cote,desconocido,Retired
2025-26,Sporting Gijón,César Gelabert,retorno de cesión,FC Toulouse
2025-26,Sporting Gijón,Jonathan Dubasin,retorno de cesión,FC Basel 1893
2025-26,Sporting Gijón,Jordy Caicedo,retorno de cesión,Atlas Guadalajara
2025-26,Sporting Gijón,Lander Olaetxea,libre,SD Eibar
2025-26,Sporting Gijón,Nacho Méndez,libre,Johor Darul Ta'zim
2025-26,Sporting Gijón,Nico Serrano,retorno de cesión,Athletic Bilbao
2025-26,Sporting Gijón,Nikola Maras,retorno de cesión,Deportivo Alavés
2025-26,Sporting Gijón,Róber Pier,libre,Atlas Guadalajara
2025-26,Sporting Gijón,Uros Milovanović,libre,GD Chaves
2025-26,Sporting Gijón,Víctor Campuzano,libre,Sydney FC
2025-26,Sporting Gijón,Yann Kembo,cesión,UD Ibiza
2025-26,Sporting Gijón,Óscar Cortés,retorno de cesión,Rangers FC
2025-26,UD Almería,Aleksandar Radovanovic,libre,Real Zaragoza
2025-26,UD Almería,Aridane Hernández,desconocido,Without Club
2025-26,UD Almería,Arnau Solà,traspaso,FC Arouca
2025-26,UD Almería,Arvin Appiah,cesión,Amiens SC
2025-26,UD Almería,Bruno Langa,cesión,Pafos FC
2025-26,UD Almería,Edgar González,cesión,HNK Hajduk Split
2025-26,UD Almería,Gonzalo Melero,traspaso,CD Leganés
2025-26,UD Almería,Houboulang Mendes,libre,Fortuna Sittard
2025-26,UD Almería,Kaiky,traspaso,Shabab Al-Ahli Club
2025-26,UD Almería,Lucas Robertone,cesión,CA Vélez Sarsfield
2025-26,UD Almería,Luis Suárez,traspaso,Sporting CP
2025-26,UD Almería,Luís Maximiano,traspaso,NEOM SC
2025-26,UD Almería,Lázaro,traspaso,Al-Najma SC
2025-26,UD Almería,Marc Pubill,traspaso,Atlético de Madrid
2025-26,UD Almería,Marciano Sanca,desconocido,UD Almería B
2025-26,UD Almería,Marcos Peña,traspaso,FC Famalicão
2025-26,UD Almería,Marko Milovanović,cesión,FC Alverca
2025-26,UD Almería,Marko Perovic,cesión,Atlético Madrileño
2025-26,UD Almería,Rachad Fettal,traspaso,Real Madrid Castilla
2025-26,UD Almería,Rubén Quintanilla,cesión,CD Eldense
2025-26,UD Almería,Selvi Clua,cesión,CD Mirandés
2025-26,UD Almería,Álex Pozo,cesión,Jagiellonia Bialystok
2025-26,UD Las Palmas,Aboubacar Bassinga,cesión,AD Ceuta FC
2025-26,UD Las Palmas,Adam Arvelo,cesión,Unionistas CF
2025-26,UD Las Palmas,Adnan Januzaj,retorno de cesión,Sevilla FC
2025-26,UD Las Palmas,Alberto Moleiro,traspaso,Villarreal CF
2025-26,UD Las Palmas,Andy Pelmard,retorno de cesión,Clermont Foot 63
2025-26,UD Las Palmas,Benito Ramírez,libre,Van Spor FK
2025-26,UD Las Palmas,Dário Essugo,retorno de cesión,Sporting CP
2025-26,UD Las Palmas,Edward Cedeño,cesión,Albacete Balompié
2025-26,UD Las Palmas,Fábio Silva,retorno de cesión,Wolverhampton Wanderers
2025-26,UD Las Palmas,Iván Cédric,cesión,Van Spor FK
2025-26,UD Las Palmas,Jaime Mata,desconocido,Without Club
2025-26,UD Las Palmas,Jasper Cillessen,libre,NEC Nijmegen
2025-26,UD Las Palmas,Javi Muñoz,libre,Getafe CF
2025-26,UD Las Palmas,José Campaña,desconocido,Without Club
2025-26,UD Las Palmas,Marc Cardona,libre,FC Andorra
2025-26,UD Las Palmas,Milos Lukovic,retorno de cesión,RC Strasbourg Alsace
2025-26,UD Las Palmas,Oli McBurnie,libre,Hull City
2025-26,UD Las Palmas,Scott McKenna,libre,GNK Dinamo Zagreb
2025-26,UD Las Palmas,Sory Kaba,libre,Oud-Heverlee Leuven
2025-26,UD Las Palmas,Stefan Bajcetic,retorno de cesión,Liverpool FC
2025-26,UD Las Palmas,Valentín Pezzolesi,desconocido,Las Palmas Atlético
2025-26,UD Las Palmas,Álex Muñoz,libre,UD Almería
